model,data,partitions,rep_idx,time,pca_eigval_diff,pca_eigvec_ang,avg_h_dist,corr_mat_diff,auroc,cls_F1_diff,cls_F1_diff_hout,eps_identif_risk,priv_loss_eps,mia_recall,mia_precision
synthpop,dm,1,0,8.774718046188354,0.0634197287430193,0.12377038522719594,0.02321911267910097,2.9596504425008017,0.00903694811257838,0.05461366029849454,0.04685635808487176,0.1688888888888889,-0.013333333333333336,0.5714285714285714,0.49604010025062656
synthpop,dm,1,1,9.96146035194397,0.03643807977863765,0.10767249220431833,0.020628135958512362,3.023751716071011,0.0028011204481792618,0.050568607107783214,0.03472040254417444,0.16,-0.013333333333333336,0.41428571428571426,0.4813986013986014
synthpop,dm,1,2,8.007835388183594,0.04604327176012982,0.356198792073902,0.03213393649166231,2.9546230465437406,0.0,0.05563915286812321,0.04589082035462819,0.14222222222222222,-0.04000000000000001,0.5,0.5071857717445953
synthpop,dm,1,3,8.850695133209229,0.029422572118602084,0.558591234723878,0.023949867369451466,3.1059717077269706,0.0014005602240896309,0.047170198680654446,0.045407159483542986,0.13777777777777778,-0.01777777777777778,0.5857142857142856,0.5414285714285714
synthpop,dm,1,4,8.31620168685913,0.06819405460899353,0.2834661628864034,0.019692713227157686,2.987164660209285,0.0007002801120448154,0.030179953248877678,0.0304934811956791,0.09777777777777778,-0.048888888888888885,0.4714285714285714,0.453021978021978
synthpop,dm,1,5,8.474345922470093,0.05666021053656496,0.9197180017444526,0.020251617866677563,3.0545239704423035,0.004201680672268893,0.050118982997172434,0.03239219385511252,0.15555555555555556,-0.013333333333333336,0.6142857142857142,0.564432203503411
synthpop,dm,1,6,8.736159086227417,0.055340376120287305,0.7859468664504736,0.017717140842552763,3.0173929641813113,0.013305322128851493,0.057926400000733985,0.013072629739249192,0.16444444444444445,0.0,0.5428571428571428,0.5041758241758241
synthpop,dm,1,7,8.870780229568481,0.025424215176622706,0.10348447730099808,0.01910874845017269,2.91742331910247,0.006302521008403339,0.06543300483653738,0.042018696096810276,0.16,-0.00888888888888889,0.45714285714285713,0.4383394383394384
synthpop,dm,1,8,9.239148616790771,0.03662427721698076,0.19563642484781954,0.018101518938372092,2.877781088992778,0.0007002801120448154,0.07501353450249282,0.010486915486915466,0.19555555555555557,0.026666666666666672,0.5142857142857142,0.4802272727272728
synthpop,dm,1,9,8.43370509147644,0.05264894445545716,0.3145812394069101,0.030527227454622795,3.0550912270337434,0.0007002801120448154,0.037412177379986755,0.02909072484161615,0.1511111111111111,-0.004444444444444445,0.5857142857142857,0.5268347338935573
synthpop,dm,2,0,19.034236431121826,0.055552429112034146,0.39403051926352584,0.027200435571482405,3.529442653058415,0.006302521008403339,0.08397858670535671,0.024270464328514513,0.18222222222222223,0.01777777777777778,0.48571428571428577,0.49444444444444446
synthpop,dm,2,1,13.770188093185425,0.1250769310474219,0.2831915617341474,0.03716206322219739,3.800291063533886,0.0028011204481792618,0.05969483063538458,0.030431856608327174,0.12,-0.03555555555555556,0.5142857142857143,0.5447552447552447
synthpop,dm,2,2,14.370772123336792,0.08352966011330487,0.08737109115775232,0.0367012733621301,3.964106502534691,0.01540616246498594,0.05520731198561507,0.012981087046286921,0.18222222222222223,0.00888888888888889,0.45714285714285713,0.49662337662337663
synthpop,dm,2,3,15.29478907585144,0.18843215634278043,0.5108209004643873,0.03651824013330413,3.836232418372048,0.0028011204481792618,0.06948899192101196,0.046039535776377954,0.16,-0.01777777777777778,0.4,0.47704158586511525
synthpop,dm,2,4,15.446412563323975,0.19704895256832672,0.89051546439848,0.03245800739438306,3.9766377801996953,0.10480859010270782,0.23312214277046348,0.19833583838271088,0.14666666666666667,-0.013333333333333336,0.48571428571428565,0.4962719633307868
synthpop,dm,2,5,15.398676633834839,0.09860486438824059,0.18130195888777156,0.05409532088965055,3.675325846795201,0.004201680672268893,0.059722124452105146,0.03755691049808699,0.13333333333333333,-0.04000000000000001,0.42857142857142855,0.5348484848484849
synthpop,dm,2,6,15.838505506515503,0.11525789940003461,0.18480490894699894,0.023140108107187165,3.9215158560878267,0.0897358943577431,0.31041829211187816,0.19026429640338025,0.12444444444444444,-0.0488888888888889,0.5714285714285714,0.6164413364413365
synthpop,dm,2,7,13.94219160079956,0.1267157327278555,0.4865796819840621,0.024234486091307624,3.9154942211034247,0.00903694811257838,0.04743743648912427,0.03802115733790626,0.12,-0.01777777777777778,0.6,0.5496491228070175
synthpop,dm,2,8,14.312093734741211,0.07758918671068137,0.13563142898333097,0.03290593379945681,3.4260943034851348,0.15556222488995597,0.2314634501019218,0.22127074723374177,0.17777777777777778,-0.004444444444444445,0.5857142857142857,0.5451470588235294
synthpop,dm,2,9,14.880661249160767,0.042682525208171784,0.280095637475187,0.03494031956188974,4.0160593685993895,0.0028011204481792618,0.03827966331600549,0.03905834405834405,0.1511111111111111,-0.026666666666666672,0.42857142857142855,0.5111111111111111
synthpop,dm,3,0,15.44582986831665,0.19296846931009132,0.26394786944092163,0.029643706511031407,3.929276322814125,0.004201680672268893,0.07195641964543967,0.10212790059825308,0.1111111111111111,-0.0488888888888889,0.45714285714285713,0.5276190476190477
synthpop,dm,3,1,14.728271007537842,0.10236303801476998,0.23155858057529297,0.041290979931511367,4.189487601504077,0.0028011204481792618,0.06032792944722945,0.03726039848891219,0.07111111111111111,-0.06222222222222222,0.5142857142857142,0.5778821178821179
synthpop,dm,3,2,16.43218469619751,0.13069809182250902,0.5082295437928128,0.033856763927200044,4.627211986753274,0.17893824196345198,0.3902321139319801,0.2860821886684248,0.08,-0.039999999999999994,0.5285714285714286,0.5885714285714286
synthpop,dm,3,3,14.832394123077393,0.18457582653496812,0.32698699907595635,0.04005164983362895,4.285452339791434,0.22975857009470468,0.29059015066141475,0.2889237748400164,0.10666666666666667,-0.05333333333333333,0.45714285714285713,0.5031410256410257
synthpop,dm,3,4,16.448563814163208,0.115910368680995,0.4515098611375072,0.026066448963122053,4.145125636122928,0.0028011204481792618,0.08109191112618386,0.040727399324334085,0.08888888888888889,-0.06222222222222222,0.4428571428571429,0.4885606060606061
synthpop,dm,3,5,15.219642162322998,0.20323978748999777,0.2446559744846442,0.039021147485317036,4.658609755346356,0.18407362945178074,0.33351736437325336,0.34418928041561914,0.08888888888888889,-0.05333333333333333,0.4142857142857143,0.4260037348272642
synthpop,dm,3,6,14.668926477432251,0.14847698597451592,0.32581452771948916,0.03157258072910075,4.281777829780719,0.20845004668534084,0.3421697195037359,0.35785558702888814,0.10666666666666667,-0.031111111111111103,0.4,0.5084537684537684
synthpop,dm,3,7,15.183508157730103,0.180289052014587,0.7396997956394552,0.02674078842937019,4.49245568613377,0.12888488728824865,0.2650230118868693,0.2234790527368091,0.08444444444444445,-0.06222222222222222,0.4428571428571429,0.5262626262626263
synthpop,dm,3,8,14.021728515625,0.2099226048626056,0.15897048934291635,0.03660397469199497,4.1256691183145024,0.004201680672268893,0.07058330465124796,0.06690797290557696,0.11555555555555555,-0.03555555555555556,0.48571428571428565,0.544240465416936
synthpop,dm,3,9,13.071931838989258,0.09586820210209458,0.44220779837106294,0.02692178357750379,4.178895136075936,0.0,0.06970253659190678,0.023183538771774093,0.10666666666666667,-0.05333333333333333,0.42857142857142855,0.4923951048951049
synthpop,dm,4,0,17.874018669128418,0.21515606634293277,0.6854421378539053,0.044409109598863857,4.691179995946015,0.20594904628518074,0.4283321089891552,0.3542742137470405,0.09333333333333334,-0.048888888888888885,0.4428571428571429,0.5179831932773109
synthpop,dm,4,1,16.86630415916443,0.18502286103323906,0.7816158083373055,0.03337294493036284,4.470861289820957,0.025076697345604915,0.2977895188631996,0.18172315461832358,0.057777777777777775,-0.08,0.4571428571428572,0.4993003341687553
synthpop,dm,4,2,15.39003872871399,0.1594716216998599,0.46683027735263805,0.026554812748806715,4.608397885331592,0.09110310790983056,0.2386045102756946,0.13954346606771398,0.1111111111111111,-0.031111111111111117,0.48571428571428565,0.5268099547511312
synthpop,dm,4,3,16.583915948867798,0.22175129527489978,0.4365721130700397,0.032148997052554196,4.349510097186381,0.4270708283313326,0.40009663972076737,0.3494966473741463,0.1111111111111111,-0.03555555555555556,0.5571428571428572,0.5296954842543078
synthpop,dm,4,4,14.626806020736694,0.22659521167002486,0.31729732053855664,0.025552304840780915,4.357055317111894,0.0014005602240896309,0.03617888216697748,0.03473737146154535,0.07555555555555556,-0.06666666666666667,0.6,0.6873792873792872
synthpop,dm,4,5,16.070208072662354,0.18616716992880009,0.44124415581054044,0.020977170257404937,4.7988905674621085,0.13408696812058163,0.30437734573416375,0.24117385506439254,0.06222222222222222,-0.04000000000000001,0.5142857142857143,0.5225490196078432
synthpop,dm,4,6,16.61463451385498,0.18983280307955608,0.6549520190668752,0.03174215721725489,4.6059713954541,0.34103641456582645,0.38513206434582825,0.4328581314748106,0.10222222222222223,-0.026666666666666658,0.45714285714285713,0.5194805194805194
synthpop,dm,4,7,12.471517324447632,0.22735556743692925,0.6513551612874333,0.04181519439998802,4.824358702993098,0.15759637188208608,0.33677615018090856,0.26541418880694834,0.10222222222222223,-0.026666666666666658,0.42857142857142855,0.5317235705471
synthpop,dm,4,8,12.90632700920105,0.1415433199036789,0.9125304040072637,0.03209014185439202,4.486858790268268,0.22355608910230762,0.3173942166414858,0.24954172347060277,0.1288888888888889,-0.01777777777777778,0.5142857142857143,0.5111697513013302
synthpop,dm,4,9,14.273935556411743,0.16828948806649588,0.7091807244683163,0.029152596824737285,4.526439155739637,0.05615579565159401,0.2367742648268752,0.16558353591152541,0.08,-0.04444444444444444,0.5285714285714286,0.5401695526695527
synthpop,dm,5,0,16.606248140335083,0.201664442802808,0.3342462409918124,0.034806270995683605,4.456938202081235,0.11711351207149523,0.2816065857966582,0.33030751843260064,0.1111111111111111,-0.013333333333333336,0.4714285714285714,0.4917397660818713
synthpop,dm,5,1,16.381703853607178,0.1391464553760802,0.48074912827414995,0.02397940567445131,4.62050951772801,0.0573229291716687,0.24923347956855435,0.21366364406562013,0.08,-0.04444444444444444,0.3714285714285714,0.4401515151515151
synthpop,dm,5,2,15.042952060699463,0.1523609449549741,0.41456528428877104,0.043838961563221646,4.686265383508714,0.11891423235961063,0.31019365863654147,0.30668249819467774,0.07555555555555556,-0.06222222222222222,0.45714285714285713,0.4900452488687783
synthpop,dm,5,3,14.181625127792358,0.20253467094449237,0.30495846421646433,0.04829349665299159,4.768326253346771,0.31485927704415095,0.38618510632984804,0.4478000118656158,0.08,-0.05333333333333333,0.4714285714285714,0.5142857142857142
synthpop,dm,5,4,14.584422826766968,0.14818635594222845,0.28654049554680466,0.027381551495328144,4.687842442769705,0.07042817126850742,0.2646467488987395,0.11006585873297722,0.09333333333333334,-0.022222222222222213,0.48571428571428565,0.5505494505494505
synthpop,dm,5,5,13.051687002182007,0.23935764686092917,0.13929105571576134,0.026960923402508823,4.616331060059421,0.18674136321195145,0.30223640597832996,0.21022854045047,0.08444444444444445,-0.039999999999999994,0.5285714285714285,0.5210695006747639
synthpop,dm,5,6,16.198631286621094,0.05664869708545532,0.8248623277986791,0.0228490842705365,4.623753977962989,0.1252834467120182,0.32655344494256766,0.21451457593134646,0.07555555555555556,-0.06222222222222222,0.6142857142857142,0.54953007518797
synthpop,dm,5,7,13.928242683410645,0.13798673039444015,0.41281879629468576,0.041217449718779574,4.616317806731354,0.003501400560224077,0.0656850061689985,0.01722567268067776,0.07111111111111111,-0.06222222222222222,0.4428571428571428,0.5098101898101899
synthpop,dm,5,8,16.175896167755127,0.14979111461015823,0.6746738867124061,0.024709039839093786,4.526082111195374,0.18083900226757366,0.3580815723884667,0.3802044946821836,0.09333333333333334,-0.022222222222222213,0.4714285714285714,0.5164102564102564
synthpop,dm,5,9,15.932952880859375,0.23928399447494397,0.1565244681194852,0.03675332558903307,4.77539339923323,0.21308523409363755,0.29422722520972444,0.2774594466893774,0.06666666666666667,-0.06666666666666667,0.41428571428571426,0.523003663003663
synthpop,dm,6,0,19.272727251052856,0.20923777881700611,0.5525153844961764,0.023654010919236836,4.892598640482973,0.0021008403361344463,0.05367132572410946,0.04454379167753669,0.08444444444444445,-0.01777777777777778,0.42857142857142855,0.5942460317460319
synthpop,dm,6,1,14.31334376335144,0.2643306701698781,0.9975472078013833,0.053062354755466584,4.931075455394126,0.004201680672268893,0.06630376140295746,0.04176641256939437,0.08,-0.013333333333333336,0.37142857142857144,0.4590909090909091
synthpop,dm,6,2,15.604151487350464,0.2131409923677483,0.6973892019307916,0.02605315608262505,4.835202755419959,0.21281846071762045,0.4061480013666884,0.2688532027627163,0.07555555555555556,-0.026666666666666672,0.5285714285714286,0.5871794871794872
synthpop,dm,6,3,17.6383056640625,0.11467359586171337,0.6661146660104179,0.044571044158871316,4.784175022127011,0.2813458716820063,0.38805259932107816,0.3800112952478353,0.05333333333333334,-0.07999999999999999,0.6142857142857142,0.5349089635854342
synthpop,dm,6,4,14.979856014251709,0.2260603225349536,0.7201721439105512,0.03741921667796314,4.761173209246446,0.19110977724423095,0.34127714673002907,0.24421397327192645,0.09777777777777778,-0.017777777777777767,0.4,0.4797835497835498
synthpop,dm,6,5,15.965727806091309,0.21543020439450994,0.9851243094207336,0.023031964782880658,4.949368499253414,0.30362144857943174,0.3132303003993402,0.3311422388282388,0.06222222222222222,-0.04000000000000001,0.4714285714285714,0.5678210678210679
synthpop,dm,6,6,16.398414134979248,0.24080536494011062,0.6864292603090796,0.03731156145510147,4.961166943808932,0.1403561424569828,0.3013315185763765,0.22445176456568186,0.07555555555555556,-0.031111111111111117,0.38571428571428573,0.42694805194805197
synthpop,dm,6,7,16.754940271377563,0.19815891993030083,0.9449450367935844,0.0211730082047898,4.9286131975516705,0.1291850073362678,0.4298829047659055,0.24423320774800084,0.06222222222222222,-0.057777777777777775,0.37142857142857144,0.5133621933621935
synthpop,dm,6,8,16.0569429397583,0.1459617198374815,0.599492798417521,0.024682096878120726,4.89187639791512,0.18317326930772315,0.38765256884644617,0.29686678908264585,0.057777777777777775,-0.05333333333333333,0.41428571428571426,0.5014285714285714
synthpop,dm,6,9,16.943068504333496,0.22630535831085571,0.6845152874297992,0.03627738998971103,4.980296777386097,0.4023942910497532,0.4239982620800102,0.4637512293811555,0.06666666666666667,-0.03555555555555556,0.42857142857142855,0.4459415584415584
synthpop,dm,1,10,8.99541425704956,0.03162996906171075,0.4146547666601225,0.03368654370873459,3.245370970871892,0.0014005602240896309,0.04716650791055252,0.020176245764481043,0.16444444444444445,0.0,0.4571428571428572,0.5169934640522876
synthpop,dm,1,11,8.370665788650513,0.04962955969566542,0.28159586072258097,0.020453860073688622,2.8957462229477398,0.0028011204481792618,0.07217538980652913,0.02301041680361124,0.12444444444444444,-0.022222222222222227,0.5142857142857142,0.45671052631578946
synthpop,dm,1,12,8.40179967880249,0.010242264682345997,0.723620421040701,0.024420483947952685,2.9327906260184817,0.008403361344537785,0.059251229740127004,0.029408731529670606,0.1688888888888889,-0.01777777777777778,0.5428571428571429,0.5165811965811965
synthpop,dm,1,13,8.64895749092102,0.06924744932379423,0.09718190371803151,0.022308272987600953,3.079448396994024,0.0014672535680939625,0.053165549072917345,0.030377465017177613,0.14222222222222222,-0.022222222222222227,0.5142857142857143,0.4777073906485672
synthpop,dm,1,14,8.140352249145508,0.04743664851500157,0.03715458848757715,0.025267412127896616,2.967275125579981,0.0007002801120448154,0.06350438577712983,0.03279805668282035,0.18222222222222223,-0.004444444444444445,0.5285714285714286,0.49457013574660635
synthpop,dm,1,15,8.523094654083252,0.029668502176235886,0.1594425843739633,0.029606267138743574,3.001548147661896,0.004201680672268893,0.0541620319459484,0.06755942432413023,0.18666666666666668,0.0,0.6285714285714286,0.5608216619981325
synthpop,dm,1,16,8.709662914276123,0.03491868463188849,0.7250295816871046,0.022483719209421132,2.9119304139757856,0.0020341469921302258,0.029863904304763877,0.019464728610053245,0.14666666666666667,-0.013333333333333336,0.4428571428571429,0.4718634306869601
synthpop,dm,1,17,8.27275037765503,0.039314495560213956,0.24702349472771012,0.026011438664870077,3.0341826497421627,0.0021008403361344463,0.04839527812312061,0.02397970314449563,0.15555555555555556,-0.004444444444444445,0.4428571428571429,0.4442837863890496
synthpop,dm,1,18,9.10353136062622,0.039126195662977384,0.493994083322792,0.021719981935162246,2.973793676336718,0.0021008403361344463,0.04125555855194943,0.05005279614973093,0.1511111111111111,-0.03555555555555556,0.5571428571428572,0.5091233766233766
synthpop,dm,1,19,8.349204063415527,0.04799921167568975,0.2618857782861153,0.021658451455106913,3.0621416592795505,0.004201680672268893,0.05424471856197505,0.033266601983633265,0.16,-0.026666666666666672,0.4428571428571429,0.4505580693815988
synthpop,dm,2,10,18.7600839138031,0.1026793258352644,0.7172804052966008,0.03514594801212176,3.6801415687746313,0.12711751367213553,0.2363175938635899,0.17025563722556128,0.16,-0.00888888888888889,0.4,0.5321212121212121
synthpop,dm,2,11,13.479186773300171,0.12044214065627143,0.22102336654716115,0.03111104441552122,3.6201588254993005,0.0021008403361344463,0.04834032209523101,0.06138885024894283,0.1688888888888889,-0.01777777777777778,0.5,0.5129210658622423
synthpop,dm,2,12,14.362632751464844,0.05573703477133111,0.7700026164073489,0.026722377930909962,3.3141888570524687,0.0021008403361344463,0.05983574328359009,0.03976624563581088,0.16444444444444445,0.0,0.48571428571428565,0.46215092097445043
synthpop,dm,2,13,14.430529117584229,0.13545188300878222,0.4685938574642415,0.04454228827447814,3.7519598017525153,0.1212484993997599,0.23354929931411442,0.16797911953192615,0.17333333333333334,0.00888888888888889,0.3571428571428571,0.5071428571428571
synthpop,dm,2,14,15.336344957351685,0.1365446486485618,0.6400481533640648,0.049661887491526155,3.5729969712685947,0.0034347072162198566,0.06383690711024123,0.027273979678963917,0.18222222222222223,-0.013333333333333336,0.5142857142857142,0.4794683257918552
synthpop,dm,2,15,14.16821026802063,0.07508175601169789,0.14896813754402505,0.029251858495417116,3.457537265722921,0.004201680672268893,0.07928470197220769,0.03195573275648647,0.17333333333333334,-0.004444444444444445,0.5428571428571428,0.5477901484480432
synthpop,dm,2,16,14.110267162322998,0.0495624734857074,0.14027279560906178,0.024135787872638564,3.5470767772832827,0.17246898759503804,0.2999532521181585,0.24089482729888698,0.15555555555555556,-0.013333333333333336,0.5428571428571428,0.5258504550145416
synthpop,dm,2,17,14.22464895248413,0.05693925863920141,0.3717799796425753,0.039766777021049735,3.5505407288268254,0.009803921568627416,0.03774780710899475,0.04902418997922067,0.18222222222222223,0.01777777777777778,0.4,0.41990832696715047
synthpop,dm,2,18,15.266834020614624,0.17300013464545483,0.6540067820455967,0.04392638393695383,3.9231365821041573,0.004201680672268893,0.053194945497223894,0.03116629418052211,0.18666666666666668,0.031111111111111117,0.42857142857142855,0.5453546453546453
synthpop,dm,2,19,13.873632669448853,0.07809716982371802,0.1593772224374962,0.025207270648544725,4.0287933993216924,0.14905962384953986,0.2922598939974043,0.2532445844754772,0.14222222222222222,-0.00888888888888889,0.45714285714285713,0.429906015037594
synthpop,dm,3,10,15.005847930908203,0.25460526770680425,0.4432935634214692,0.02765472073659122,4.340199043937022,0.004201680672268893,0.08070062942722511,0.04589082035462819,0.09777777777777778,-0.031111111111111103,0.45714285714285713,0.4918037518037518
synthpop,dm,3,11,15.876567363739014,0.23184648814681041,0.4877406725295536,0.020847342672349105,4.133804762920266,0.004201680672268893,0.05848039063079688,0.04175048262516598,0.11555555555555555,-0.04444444444444445,0.48571428571428565,0.4638095238095238
synthpop,dm,3,12,13.784976959228516,0.21554799580055273,0.1487228356430308,0.03766832015513816,4.354554206215444,0.21745364812591705,0.3197410624907396,0.24004741790693224,0.14666666666666667,0.004444444444444445,0.4,0.4113431013431013
synthpop,dm,3,13,15.484140157699585,0.19964646244942305,0.46315309335650917,0.036873887598355685,4.491056548674813,0.24329731892757112,0.3821464960927615,0.3377106429690376,0.07555555555555556,-0.05333333333333333,0.45714285714285713,0.4704029304029304
synthpop,dm,3,14,13.10370659828186,0.14054099492256233,0.5539972233805683,0.03921067719887141,4.159940629295458,0.13435374149659873,0.29701803298636925,0.2935033499560895,0.11555555555555555,-0.01777777777777778,0.3857142857142857,0.5039224664224664
synthpop,dm,3,15,15.175648927688599,0.24977823413893752,0.6261110081444953,0.03948794492816247,4.532355152214447,0.23869547819127646,0.2718498876683194,0.3223436965515586,0.09777777777777778,-0.031111111111111103,0.48571428571428577,0.52507326007326
synthpop,dm,3,16,15.3178870677948,0.21015863812827443,0.4185026534040568,0.036193769725879496,3.949540790857201,0.2325930372148859,0.2626843795085765,0.31537267378407485,0.12444444444444444,-0.026666666666666672,0.5,0.496697175373646
synthpop,dm,3,17,14.223653316497803,0.23921412884319448,0.2772221954476697,0.04553982508502667,4.266724665435292,0.19261037748432708,0.3107109585033322,0.2980526655317942,0.12,-0.03555555555555556,0.5571428571428572,0.5685714285714285
synthpop,dm,3,18,14.869722604751587,0.23426582269073043,0.2571707347717976,0.03010518378653584,4.415762067457161,0.1651660664265705,0.3263115660631155,0.23305076424531973,0.12444444444444444,-0.053333333333333344,0.42857142857142855,0.5368831168831169
synthpop,dm,3,19,13.862870693206787,0.16327032804912162,0.15942222761728542,0.033561046384818105,4.523676541034154,0.1373215953047886,0.33440351673329427,0.2939037001688751,0.07555555555555556,-0.06666666666666667,0.5142857142857142,0.6097435897435897
synthpop,dm,4,10,17.91577959060669,0.17640848950880625,0.3640513383325735,0.023964560618699116,4.2879642028689195,0.1430238762171535,0.279012351712123,0.2593437809987981,0.1288888888888889,-0.00888888888888889,0.5142857142857142,0.5322222222222222
synthpop,dm,4,11,14.51087212562561,0.20723499434089934,0.2946259167139322,0.0281312294014931,4.659628275118796,0.004201680672268893,0.05953027121975757,0.03131483859997514,0.10222222222222223,-0.031111111111111103,0.4714285714285714,0.6465401265401265
synthpop,dm,4,12,13.706359148025513,0.19066387565617887,0.34074682938482964,0.043490736184781505,4.4182586813803395,0.1270508203281313,0.37936585637373044,0.2870823945642694,0.09333333333333334,-0.039999999999999994,0.5,0.5077380952380952
synthpop,dm,4,13,14.73990273475647,0.12536029786356379,0.47885534554118664,0.035696963866397396,4.435187441652705,0.1685674269707883,0.3068822860003052,0.2683078849041376,0.08888888888888889,-0.04444444444444444,0.5428571428571428,0.6086726998491704
synthpop,dm,4,14,14.112951040267944,0.16004141783211656,0.6516473514500443,0.0268567886909319,4.588629842304527,0.004201680672268893,0.0433014864665604,0.03655777127410895,0.07555555555555556,-0.07111111111111111,0.4428571428571429,0.5100432900432901
synthpop,dm,4,15,14.445845127105713,0.18617286002300948,0.6165128995343404,0.02926312609246196,4.501974881744702,0.12691743364012276,0.29831530596868555,0.19373016419313352,0.08,-0.026666666666666672,0.4428571428571429,0.4958041958041958
synthpop,dm,4,16,16.56480097770691,0.2674785325652839,0.8572414677855514,0.03513647596888545,4.551106666848072,0.2741096438575431,0.3783122434057289,0.3744789851984911,0.09777777777777778,-0.026666666666666658,0.5285714285714286,0.5834265734265733
synthpop,dm,4,17,15.451860666275024,0.19938666688525736,0.723697478653405,0.02722755091188699,4.5304709051370455,0.13762171535280776,0.23567294310431594,0.2032294144800788,0.07111111111111111,-0.06222222222222222,0.5,0.5373809523809523
synthpop,dm,4,18,14.701932668685913,0.2020484633358236,0.8307848693863721,0.028715536928639995,4.608238543852248,0.24059623849539813,0.3988735215669158,0.26791529717970564,0.06666666666666667,-0.03555555555555556,0.4714285714285714,0.5474358974358975
synthpop,dm,4,19,15.030061483383179,0.22930751860795504,0.43936085105356804,0.02498157856408795,4.6357249449356495,0.16256502601040412,0.3025038183431575,0.24234307823121906,0.08444444444444445,-0.05333333333333333,0.48571428571428577,0.5556410256410256
synthpop,dm,5,10,16.92081379890442,0.254926211323492,0.19458106927335064,0.041286835054693764,4.820819436563414,0.22102174203014535,0.2735218414245868,0.27507504401350574,0.08,-0.048888888888888885,0.4,0.505
synthpop,dm,5,11,14.61643648147583,0.26653212741202603,0.7916703703340221,0.02825522074080302,5.027427047459736,0.2814459116980126,0.4030587667880331,0.4018282825902887,0.057777777777777775,-0.04444444444444445,0.4714285714285714,0.4965909090909091
synthpop,dm,5,12,14.491699934005737,0.14210763136770593,0.43433957082014385,0.032354489626917664,4.656958807114973,0.17917166866746692,0.3705534042195835,0.21721791712427185,0.05333333333333334,-0.05777777777777777,0.42857142857142855,0.5423076923076924
synthpop,dm,5,13,14.011271476745605,0.15890523227016534,0.5375479863611905,0.03934846956282314,4.543453095510601,0.3025210084033614,0.3422259912679807,0.36066534302041264,0.10666666666666667,-0.03555555555555555,0.5857142857142856,0.5665546218487394
synthpop,dm,5,14,15.743680238723755,0.27688859179488867,0.9871381426500022,0.04410950639048708,4.840764129246432,0.09503801520608246,0.3006414208819428,0.24166343180196512,0.08444444444444445,-0.039999999999999994,0.4714285714285714,0.5538927738927739
synthpop,dm,5,15,13.909735679626465,0.2032258996394431,0.5483108120333884,0.027066180089470544,4.747125173135862,0.18690809657196217,0.2075880733949176,0.31157035148223755,0.07555555555555556,-0.03555555555555555,0.42857142857142855,0.56004329004329
synthpop,dm,5,16,15.51152229309082,0.11114270499361145,0.3508862840329966,0.028228563840484357,5.005567081326998,0.2643057222889156,0.3886368399876262,0.38955575977461454,0.07555555555555556,-0.039999999999999994,0.4428571428571429,0.46222222222222226
synthpop,dm,5,17,18.20844078063965,0.20990695146160787,0.3809531739946922,0.035395480952501925,4.631302924988683,0.004201680672268893,0.06822105619784524,0.02066363786968492,0.09777777777777778,-0.031111111111111103,0.48571428571428565,0.5146120546120546
synthpop,dm,5,18,15.879468441009521,0.2014589020743042,0.902270132589011,0.03244283318639586,4.612388925861331,0.003501400560224077,0.05931186861572585,0.05757700998199422,0.07555555555555556,-0.031111111111111117,0.29999999999999993,0.440952380952381
synthpop,dm,5,19,17.49451971054077,0.2568809031412012,0.8573671090064429,0.04611274221639352,4.719817172171905,0.004201680672268893,0.05661027761768003,0.04046026957024709,0.06666666666666667,-0.06666666666666667,0.48571428571428577,0.47911764705882354
synthpop,dm,6,10,18.2901132106781,0.20421206370530215,0.5590960885185919,0.025690764116786186,5.052784881532135,0.12641723356009082,0.3724850186279059,0.3641519105547634,0.05333333333333334,-0.035555555555555556,0.48571428571428577,0.5159188034188034
synthpop,dm,6,11,15.173915147781372,0.13028122972287173,0.576759533348672,0.03188215612868813,4.8760775537078604,0.3799186341203148,0.42331711940928585,0.38703983233945166,0.08,-0.04444444444444444,0.5571428571428572,0.5153846153846153
synthpop,dm,6,12,15.329707860946655,0.18234871586779583,0.5290970754898496,0.02389688701786379,4.712572609078202,0.19060957716419902,0.30010245635931115,0.2658663485881918,0.057777777777777775,-0.057777777777777775,0.48571428571428577,0.5394522144522145
synthpop,dm,6,13,14.745624780654907,0.21064572855044683,0.3174719537156617,0.03193488501105352,4.784133928979447,0.08970254768574104,0.23364447218519174,0.23385893380659478,0.06666666666666667,-0.048888888888888885,0.4428571428571428,0.5001443001443001
synthpop,dm,6,14,12.742804527282715,0.18889589891134637,0.7653352087753774,0.02681583418949455,4.657688498674048,0.23542750433506743,0.29400198339649253,0.2997460085983847,0.08,-0.026666666666666672,0.4142857142857143,0.5715584415584416
synthpop,dm,6,15,15.954240322113037,0.2835607253658231,0.6267659136797508,0.039961351601495936,4.992786290666994,0.015306122448979664,0.2617924454436997,0.3136911521400578,0.03111111111111111,-0.07999999999999999,0.3142857142857143,0.3765501165501165
synthpop,dm,6,16,13.73400592803955,0.318466254668009,0.5551617865209445,0.03407877168947279,5.143624146385647,0.33006535947712423,0.416550110954617,0.3739965716535069,0.06222222222222222,-0.04000000000000001,0.42857142857142855,0.4909090909090909
synthpop,dm,6,17,13.964857816696167,0.17986292680571037,0.6161808531036584,0.027078304463041172,4.784308057800616,0.22458983593437376,0.261909441236355,0.2265459773810588,0.057777777777777775,-0.06666666666666667,0.5571428571428572,0.5831773618538325
synthpop,dm,6,18,16.111605644226074,0.3033445093394899,0.7036732550832991,0.02495045518886727,5.149738637211807,0.1361544617847139,0.25363578099997186,0.2540527203690244,0.057777777777777775,-0.04000000000000001,0.37142857142857144,0.4492307692307692
synthpop,dm,6,19,15.602319955825806,0.21999805227143274,0.16385896407497216,0.0408735456791891,4.817048685058295,0.06339202347605721,0.36445080022686027,0.26745941093407966,0.08444444444444445,-0.06222222222222222,0.42857142857142855,0.5165079365079365
synthpop,dm,7,0,14.478414297103882,0.14404251038124508,0.4619000677216822,0.027617649516576186,4.810582938479819,0.10677604375083372,0.30254774092153325,0.2567782679226257,0.07111111111111111,-0.048888888888888885,0.4714285714285714,0.5696587725999491
synthpop,dm,7,1,14.082468271255493,0.20287847239295892,0.24364463046334134,0.027725497467340175,4.95637949983582,0.2916833400026678,0.38510045696925915,0.32623434280582486,0.06666666666666667,-0.03555555555555556,0.5714285714285714,0.6214285714285714
synthpop,dm,7,2,16.79607915878296,0.2428763427765005,0.8278136621064283,0.04041108846969022,4.8175510111753646,0.39262371615312797,0.35010653303024375,0.3132841627048175,0.057777777777777775,-0.05333333333333333,0.5428571428571429,0.545050505050505
synthpop,dm,7,3,12.699005365371704,0.2480157788064955,0.9482985505997389,0.03745372147507324,4.817749569955719,0.1791049753234627,0.4217427761083718,0.36764697711680183,0.07111111111111111,-0.057777777777777775,0.5285714285714286,0.50507326007326
synthpop,dm,7,4,13.46764874458313,0.2289472146057482,0.7435361783561202,0.03063386005577672,5.006109789366222,0.19441109777244237,0.24953190448023507,0.30196803705531283,0.06666666666666667,-0.04000000000000001,0.5285714285714285,0.5844444444444444
synthpop,dm,7,5,13.700397253036499,0.02793345209636821,0.2806233070691181,0.02180372502987605,4.7838025796354895,0.1979458450046685,0.3979665251561101,0.3733856460208067,0.05333333333333334,-0.04888888888888889,0.37142857142857144,0.5051948051948052
synthpop,dm,7,6,14.65406608581543,0.2568429626698301,0.9975486952098861,0.0385650722860483,5.0493817874368725,0.458483393357343,0.35399560706969607,0.41807640564673804,0.07555555555555556,-0.01777777777777778,0.45714285714285713,0.4741666666666666
synthpop,dm,7,7,13.46936559677124,0.2574498798325181,0.6693628868876723,0.02769300783508893,4.862155338243982,0.003501400560224077,0.042466816326182766,0.05385924491586777,0.06222222222222222,-0.04444444444444445,0.42857142857142855,0.4852631578947368
synthpop,dm,7,8,15.54471206665039,0.23155101124022798,0.31089413603898347,0.024930736168463655,5.000814514430599,0.2325930372148861,0.4077919177474383,0.3230920200776022,0.044444444444444446,-0.06222222222222223,0.34285714285714286,0.4766666666666667
synthpop,dm,7,9,14.120465755462646,0.2070309517432003,0.6903733463245469,0.042936856000530634,4.801570557183148,0.002167533680138778,0.05397561691772734,0.04829671204967037,0.057777777777777775,-0.05333333333333333,0.4571428571428572,0.6001247771836007
synthpop,dm,7,10,14.464028358459473,0.11160783516142045,0.37788694606595286,0.03611201205337261,4.891671753022655,0.3617780445511538,0.3041496542387493,0.3898448604273862,0.04888888888888889,-0.04888888888888889,0.4714285714285714,0.4731887720123014
synthpop,dm,7,11,15.443481683731079,0.2778173319794614,0.482110392482184,0.024952914083195082,5.029903189017322,0.14199012938508737,0.32599107501659214,0.3099811058941364,0.07555555555555556,-0.026666666666666672,0.5,0.5773160173160173
synthpop,dm,7,12,14.77409291267395,0.20482060878479424,0.2728187704244624,0.027365046691164362,4.830254244433019,0.29951980792316923,0.32362894186116525,0.3836613462747324,0.057777777777777775,-0.031111111111111117,0.5571428571428572,0.5566666666666666
synthpop,dm,7,13,13.078870058059692,0.21236747074376877,0.6898626268807422,0.027655980023519714,4.9690575718215895,0.13665466186474595,0.2627209984419987,0.26880325562093854,0.05333333333333334,-0.04888888888888889,0.4428571428571429,0.5873376623376624
synthpop,dm,7,14,13.999199151992798,0.20280866884647186,0.6216435458094263,0.03065697322567561,4.830598008365328,0.1964452447645727,0.31425995339459994,0.26112046323370897,0.05333333333333334,-0.06666666666666665,0.4714285714285714,0.5911639014580191
synthpop,dm,7,15,15.007487297058105,0.17915583405816599,0.0756260876509304,0.02591576562376487,5.056010599920137,0.1674002934507136,0.3170933651764228,0.2922042056350041,0.06222222222222222,-0.03555555555555556,0.5428571428571429,0.519715578539108
synthpop,dm,7,16,14.523219585418701,0.16723318108042703,0.4748190468317258,0.03647198905232259,4.858757461179874,0.12008136587968532,0.39634875886456344,0.3647474657236397,0.035555555555555556,-0.05333333333333334,0.4999999999999999,0.5005709976298212
synthpop,dm,7,17,12.427690029144287,0.16130160273871397,0.5932759734046029,0.023150307609510354,4.630760111338575,0.08870214752567696,0.33250291966099754,0.3346371256513867,0.07555555555555556,-0.04444444444444444,0.4428571428571428,0.48845238095238097
synthpop,dm,7,18,13.936401605606079,0.2195850684132684,0.5358232098268748,0.03926991409053591,4.693314757715954,0.23746165132719743,0.32430060809576156,0.3288215076219871,0.07111111111111111,-0.07111111111111111,0.48571428571428577,0.5744144744144744
synthpop,dm,7,19,14.229247093200684,0.20476076980941538,0.40075228098330423,0.028962057786119877,5.051013362052315,0.23305989062291577,0.28539056450157946,0.3302257491998725,0.08,-0.022222222222222227,0.5571428571428572,0.5740739652504359
synthpop,dm,8,0,14.153107643127441,0.16905497241743503,0.8175222689695782,0.04200850019484281,4.781528834842466,0.2661731359210352,0.3464332370979465,0.2946537092010868,0.057777777777777775,-0.05333333333333333,0.5142857142857142,0.5752380952380952
synthpop,dm,8,1,16.98035454750061,0.10608264644109076,0.707276514920875,0.03979587662974543,4.891080758420887,0.20925036681339215,0.4176304362079418,0.3282681734080545,0.044444444444444446,-0.06666666666666665,0.38571428571428573,0.45757575757575764
synthpop,dm,8,2,12.376187324523926,0.29079003630916817,0.32106292732455016,0.030903943852291327,4.895420358292917,0.15519541149793248,0.28566114221704014,0.21787503608924688,0.07111111111111111,-0.057777777777777775,0.45714285714285713,0.5112820512820513
synthpop,dm,8,3,12.206282615661621,0.22858294475466345,0.6109203464128976,0.03399532649583175,4.87725471457167,0.17630385487528355,0.3248308343118016,0.2657895133894398,0.044444444444444446,-0.04,0.35714285714285715,0.5625180375180376
synthpop,dm,8,4,15.310474872589111,0.23215146520254243,0.2345892393546046,0.035821294593259494,4.9818595205718434,0.19914632519674536,0.29931772328218703,0.33586189837951475,0.05333333333333334,-0.0711111111111111,0.37142857142857144,0.4110197155785391
synthpop,dm,8,5,12.44748830795288,0.26178074625996317,0.4826303672096944,0.03459739538083104,4.895868557363595,0.13251967453648117,0.39567797543077954,0.2831517595003341,0.057777777777777775,-0.057777777777777775,0.5285714285714286,0.5462337662337663
synthpop,dm,8,6,14.481425285339355,0.10163180968929664,0.4094441219176968,0.02502929219886541,4.716811159742857,0.3838201947445645,0.3935446695657916,0.43660298886830395,0.08888888888888889,-0.04444444444444444,0.5,0.6047619047619047
synthpop,dm,8,7,13.415098428726196,0.2696842576845969,0.6272329009606644,0.026263669150536257,4.940238223072541,0.32066159797252236,0.4733253694321915,0.35901491555966725,0.05333333333333334,-0.044444444444444446,0.42857142857142855,0.5214035087719299
synthpop,dm,8,8,14.590266466140747,0.1831419971348254,0.7540476768662946,0.03091489546742685,5.051511843946451,0.1951780712284914,0.321159545479964,0.25000786546031695,0.06666666666666667,-0.031111111111111117,0.4428571428571429,0.4648595848595849
synthpop,dm,8,9,12.8611900806427,0.1970628609629252,0.358391989289196,0.03217054862953992,4.9550843342326365,0.06575963718820865,0.30407758253342265,0.2600862515830444,0.07111111111111111,-0.031111111111111117,0.4714285714285714,0.56504329004329
synthpop,dm,8,10,14.177029609680176,0.18829385284348527,0.8619324667449891,0.02798014043282761,4.64427999731369,0.0028011204481792618,0.07242532598310081,0.07288200060181085,0.04888888888888889,-0.06666666666666665,0.4428571428571429,0.5091592617908407
synthpop,dm,8,11,12.230057716369629,0.2364385578718968,0.38384656525835287,0.028670248314626577,4.986447117452987,0.03924903294651194,0.27917224835084137,0.27375631124132377,0.05333333333333334,-0.062222222222222213,0.4,0.5713986013986014
synthpop,dm,8,12,12.565176486968994,0.25716025545701937,0.9393360532444991,0.030564852131677502,4.81171365418718,0.0028011204481792618,0.08489994539178022,0.062423725570211946,0.07555555555555556,-0.057777777777777775,0.5142857142857142,0.5731550802139036
synthpop,dm,8,13,12.3839590549469,0.18180655741516116,0.45110590259131694,0.04219241003887203,4.844949126022203,0.08883553421368551,0.33594681030420415,0.286786249969501,0.044444444444444446,-0.0711111111111111,0.5428571428571429,0.5874509803921569
synthpop,dm,8,14,15.415011167526245,0.22039292422752657,0.8850376692066646,0.03600689381601254,4.9938193466099445,0.18153928237961847,0.3854929926502956,0.2147900026927475,0.07555555555555556,-0.01777777777777778,0.5571428571428572,0.53008547008547
synthpop,dm,8,15,16.598129272460938,0.28018160391561714,0.7535297301550514,0.025158909143829598,5.121956015842909,0.07926503934907303,0.30050818236728505,0.18284852776780544,0.06666666666666667,-0.022222222222222227,0.4428571428571429,0.5113553113553114
synthpop,dm,8,16,15.405869007110596,0.15303668591670436,0.5000376557737669,0.04024286800463491,4.966708687294533,0.11981459250366822,0.4072390690729706,0.3051169806700647,0.07111111111111111,-0.048888888888888885,0.37142857142857144,0.494090909090909
synthpop,dm,8,17,11.344584226608276,0.23638194956019676,0.5924524353251849,0.040628390922607636,5.107901301589133,0.1121448579431773,0.2877462950472582,0.23506937348844767,0.04888888888888889,-0.04,0.4428571428571428,0.4876190476190477
synthpop,dm,8,18,12.271509647369385,0.2653068614420312,0.2163318678457583,0.03389631097058784,5.24703460923004,0.4555488862211552,0.45797224266773445,0.380429451458979,0.057777777777777775,-0.022222222222222227,0.5,0.5632983682983683
synthpop,dm,8,19,12.506997108459473,0.2383874860302607,0.5523696182682396,0.04451054487168153,4.526321913543188,0.0021008403361344463,0.059762332862787954,0.023754338561948335,0.06666666666666667,-0.06222222222222222,0.5857142857142857,0.5501702219349278
synthpop,dm,9,0,13.836719036102295,0.2814472184360562,0.49557608937869174,0.031772500531538454,4.930831171014353,0.21275176737361612,0.3884164573681692,0.33228710069919976,0.05333333333333334,-0.0711111111111111,0.48571428571428577,0.5661383061383061
synthpop,dm,9,1,12.0229971408844,0.24018607222452654,0.11442619768255684,0.03765670600815775,5.04353257114725,0.09700546885420835,0.3504136162110585,0.2671025778360895,0.05333333333333334,-0.05777777777777777,0.5571428571428572,0.5798748473748474
synthpop,dm,9,2,13.780987024307251,0.1417028567313993,0.42242869044204245,0.034173356451485566,4.806504600497226,0.24426437241563304,0.3040588856102743,0.3282033173910147,0.08888888888888889,-0.026666666666666658,0.5,0.5552680652680653
synthpop,dm,9,3,12.845127820968628,0.28903175567944994,0.7986436085950204,0.02611471323390704,5.021308696034134,0.285747632386288,0.496470496872667,0.3898342770722538,0.057777777777777775,-0.04444444444444445,0.45714285714285713,0.5562393162393162
synthpop,dm,9,4,12.117778301239014,0.2449084989878662,0.5288974638392706,0.03490874687252333,4.901724373646163,0.5578564759237028,0.48204986710778785,0.4997321093770025,0.04888888888888889,-0.026666666666666665,0.4142857142857143,0.48479853479853474
synthpop,dm,9,5,11.527652263641357,0.26379874395970193,0.27816164932176723,0.02833277842394626,5.0481932968810135,0.232859810590903,0.35283759445737856,0.3997723950512343,0.04888888888888889,-0.04,0.45714285714285713,0.6035353535353536
synthpop,dm,9,6,12.279448509216309,0.2669002646277081,0.79343425352958,0.03609496914078717,4.992256502229462,0.10387488328664807,0.26444655203628387,0.2493590313498072,0.07111111111111111,-0.048888888888888885,0.5142857142857143,0.5673809523809523
synthpop,dm,9,7,13.150045156478882,0.22161140615180702,0.22881877874350115,0.03102993285673348,5.105960138437066,0.2820461517940509,0.4065209724161505,0.30766062662677773,0.057777777777777775,-0.04444444444444445,0.37142857142857144,0.4675113122171946
synthpop,dm,9,8,5.291329622268677,0.2560254655254327,0.9283130573294529,0.028096806959487096,4.88721490018268,0.26173802854475126,0.3503916522248197,0.2637471545609568,0.04,-0.07555555555555554,0.3571428571428571,0.4538095238095238
synthpop,dm,9,9,11.353355169296265,0.25512142784430636,0.6084744108979321,0.028518693603753073,5.020849734772542,0.20298119247699087,0.38252373940047707,0.3139486592198618,0.07111111111111111,-0.022222222222222227,0.3857142857142857,0.5066666666666666
synthpop,dm,9,10,4.91375470161438,0.17221371940167887,0.8440628456549107,0.03022029894930705,4.997057898357649,0.2146525276777378,0.34197472664253487,0.29342418249315166,0.04,-0.04,0.5285714285714286,0.6004374057315234
synthpop,dm,9,11,12.681558847427368,0.21692725915379218,0.796567319304476,0.027039816104931374,4.999741945299867,0.32086167800453524,0.3322676708362279,0.33660573277761396,0.057777777777777775,-0.06222222222222222,0.41428571428571426,0.46749999999999997
synthpop,dm,9,12,5.054829359054565,0.19104249310642016,0.14428261638519527,0.03618153851469437,4.96505765964813,0.1171468587434974,0.32821411817052426,0.27175967421537106,0.035555555555555556,-0.06222222222222223,0.4714285714285714,0.5075000000000001
synthpop,dm,9,13,12.15075397491455,0.19694030887949798,0.580387047093615,0.026365507203259277,4.810867922330195,0.0021008403361344463,0.06821483321013014,0.0474775704511812,0.08444444444444445,-0.00888888888888889,0.47142857142857136,0.6077594627594628
synthpop,dm,9,14,11.384283542633057,0.2842996989156772,0.29861410853656384,0.0259312547141758,4.73620587534798,0.003501400560224077,0.034793813374429466,0.01806274967737939,0.08444444444444445,-0.039999999999999994,0.5428571428571429,0.5420546017450042
synthpop,dm,9,15,13.515778303146362,0.25613173272708656,0.7145113428298483,0.024641852611930568,5.040964325366642,0.13802187541683342,0.2856727805181497,0.32501418439078444,0.04888888888888889,-0.026666666666666665,0.5,0.5205050505050505
synthpop,dm,9,16,5.71996808052063,0.17964941930195827,0.46305177069759995,0.04041004964173468,5.072706879168867,0.11501267173536078,0.3587331550958812,0.2552754224352514,0.06666666666666667,-0.04444444444444444,0.4,0.5111888111888112
synthpop,dm,9,17,12.534200668334961,0.12382972258288288,0.38042094805169696,0.03852799331905134,5.0148580084187495,0.1644657863145258,0.371740110648237,0.41026851646017676,0.057777777777777775,-0.06222222222222222,0.5571428571428572,0.6466310160427808
synthpop,dm,9,18,11.664290189743042,0.1666975165972936,0.7740001932292455,0.03432072800479357,5.120434458963436,0.25933706816059754,0.38940414037859683,0.30428169385092396,0.04888888888888889,-0.04888888888888889,0.5142857142857143,0.5144117647058823
synthpop,dm,9,19,14.352731466293335,0.12852577013752609,0.410786706255315,0.026410372559223377,4.82280306450285,0.14522475656929446,0.19759962044010085,0.24360344653438784,0.08,-0.013333333333333336,0.5285714285714286,0.5583150183150183
synthpop,dm,10,0,12.611571311950684,0.23250604584661733,0.3897538532939823,0.04763944105534196,5.088827459924666,0.3478391356542617,0.4302090896586632,0.4069282159628601,0.057777777777777775,-0.04444444444444445,0.48571428571428565,0.5237087912087912
synthpop,dm,10,1,5.2704737186431885,0.17474475759458052,0.2665970192471265,0.04051728101527524,5.06893196759184,0.09477124183006547,0.2674451755870142,0.15291561909693024,0.057777777777777775,-0.022222222222222227,0.4428571428571429,0.5196732026143791
synthpop,dm,10,2,5.491727113723755,0.23903367375132822,0.7482373561821847,0.031199646476714152,4.9056736204446025,0.2186541283179939,0.36094740339242326,0.2901614467330128,0.07111111111111111,-0.013333333333333336,0.4714285714285714,0.5722125097125097
synthpop,dm,10,3,4.852198839187622,0.21388606616340422,0.2854668560377232,0.03135686980888657,5.002869833610992,0.2951847405628918,0.39351442106095835,0.3940181291283218,0.04888888888888889,-0.04888888888888889,0.5,0.6283216783216783
synthpop,dm,10,4,4.789120435714722,0.22865035950499862,0.6964547312360384,0.02434878844657062,5.146886978725876,0.33970254768574093,0.33761231208540166,0.3266175506607428,0.07111111111111111,-0.022222222222222227,0.45714285714285713,0.5266214177978884
synthpop,dm,10,5,5.031402349472046,0.13419543392120825,0.3248928102957037,0.03444156329586097,4.942180335141914,0.21128451380552216,0.3553142572784438,0.24293280868070333,0.06222222222222222,-0.03555555555555556,0.5142857142857142,0.5551767676767676
synthpop,dm,10,6,4.597339153289795,0.21366852137805065,0.30563548525231293,0.028198627371422286,5.169350724501815,0.07929838602107508,0.2710008531526725,0.19228890379774413,0.07111111111111111,-0.00888888888888889,0.4714285714285714,0.5092307692307692
synthpop,dm,10,7,12.40178918838501,0.187117660370971,0.4662549742409489,0.033487209582410325,5.008970775305253,0.08319994664532482,0.2995568103270756,0.31431636177641953,0.04,-0.044444444444444446,0.48571428571428565,0.6184981684981685
synthpop,dm,10,8,5.1805315017700195,0.20849820252144918,0.5145346323681238,0.038844154228871525,4.874929737094097,0.06302521008403372,0.330605325479543,0.19048878234942818,0.06666666666666667,-0.04444444444444444,0.39999999999999997,0.5542124542124542
synthpop,dm,10,9,12.58500862121582,0.2777994049044468,0.7506317384227043,0.036282994568882725,5.214397319603936,0.1925103374683207,0.3817381299305196,0.2752129373297733,0.04888888888888889,-0.04,0.34285714285714286,0.4670995670995671
synthpop,dm,10,10,4.886363983154297,0.10182070554329523,0.3348483161267197,0.028608107058860424,4.9766277269996415,0.1547285580899026,0.3746008419864864,0.28999605008542906,0.04888888888888889,-0.044444444444444446,0.5285714285714286,0.5622752247752247
synthpop,dm,10,11,12.571716070175171,0.17110457993642106,0.18923291506453924,0.025005865627921998,4.996326220533386,0.05742296918767509,0.34594746328905773,0.28878526528380455,0.05333333333333334,-0.026666666666666665,0.6,0.5807539682539683
synthpop,dm,10,12,11.666699647903442,0.27466535751789917,0.5221861610748125,0.0429781402604984,5.210514334082815,0.09096972122182212,0.34197435578244706,0.33234581423514953,0.03111111111111111,-0.05777777777777778,0.3714285714285714,0.46766122766122764
synthpop,dm,10,13,5.741350412368774,0.13306272739568434,0.16048522060632722,0.02651416392620466,4.969719639977183,0.17597038815526211,0.42970576768289737,0.4097607711767964,0.04,-0.04888888888888889,0.5285714285714286,0.5348909913615796
synthpop,dm,10,14,5.615063190460205,0.14927325211499157,0.5734717156632061,0.042172199744542685,4.819688943904701,0.14749233026543962,0.23651377250863892,0.24304559072723014,0.044444444444444446,-0.05333333333333334,0.4142857142857143,0.48769230769230765
synthpop,dm,10,15,11.355027675628662,0.24678475792008453,0.31088699086219906,0.034540303984504,4.95999289185781,0.26747365612911844,0.3775367578064822,0.34207617230513454,0.04888888888888889,-0.05333333333333334,0.5142857142857142,0.4948717948717949
synthpop,dm,10,16,4.907053470611572,0.11568910870826633,0.5930604657418704,0.029477663888742494,4.798160673476955,0.003501400560224077,0.08232209421447706,0.030882375882375884,0.07555555555555556,-0.05333333333333333,0.41428571428571426,0.5093706293706293
synthpop,dm,10,17,5.830360412597656,0.257692467885167,0.7605225924803288,0.03815492441304069,4.964569424928831,0.15029345071361877,0.2606358674579826,0.2490747300289612,0.044444444444444446,-0.04888888888888889,0.5,0.546175197351668
synthpop,dm,10,18,4.891782999038696,0.24054804763118276,0.14296152784962926,0.026046407805493624,5.003021231812037,0.2268907563025211,0.4218894560094568,0.30185948461958023,0.05333333333333334,-0.035555555555555556,0.38571428571428573,0.4544011544011545
synthpop,dm,10,19,12.893815040588379,0.19224715028609496,0.7454771041168053,0.03091711594596389,5.1126825361852815,0.2647058823529411,0.4060272318945254,0.3678578103740372,0.05333333333333334,-0.0711111111111111,0.48571428571428577,0.4606191950464396
