model,data,partitions,rep_idx,time,pca_eigval_diff,pca_eigvec_ang,avg_h_dist,corr_mat_diff,auroc,avg_F1_diff,avg_F1_diff_hout,eps_identif_risk,priv_loss_eps,mia_recall,mia_precision
synthpop,dm,1,4,8.378718137741089,0.06819405460899353,0.2834661628864034,0.019692713227157686,2.987164660209285,0.0007002801120448154,-0.053303290629373806,-0.04646362693469219,0.09777777777777778,-0.048888888888888885,0.6142857142857142,0.5638009049773756
synthpop,dm,1,5,9.419041872024536,0.05666021053656496,0.9197180017444526,0.020251617866677563,3.0545239704423035,0.004201680672268893,-0.08040912793742083,-0.041432251583797985,0.15555555555555556,-0.013333333333333336,0.4428571428571428,0.48166666666666663
synthpop,dm,1,3,10.586272239685059,0.029422572118602084,0.558591234723878,0.023949867369451466,3.1059717077269706,-0.0014005602240896309,-0.05635111342562826,-0.03939739139350518,0.13777777777777778,-0.01777777777777778,0.5428571428571428,0.6070850202429149
synthpop,dm,1,1,11.757949113845825,0.03643807977863765,0.10767249220431833,0.020628135958512362,3.023751716071011,0.0028011204481792618,-0.09342485405557902,-0.03102868910616935,0.16,-0.013333333333333336,0.6,0.5381191950464397
synthpop,dm,1,2,11.641052722930908,0.04604327176012982,0.356198792073902,0.03213393649166231,2.9546230465437406,0.0,-0.10228147266155826,-0.05305701854871542,0.14222222222222222,-0.04000000000000001,0.5571428571428572,0.5181959706959708
synthpop,dm,1,0,11.515289783477783,0.0634197287430193,0.12377038522719594,0.02321911267910097,2.9596504425008017,-0.00903694811257838,-0.08418444016522228,-0.06573090528169256,0.1688888888888889,-0.013333333333333336,0.5142857142857143,0.5080128205128205
synthpop,dm,1,6,8.276057481765747,0.055340376120287305,0.7859468664504736,0.017717140842552763,3.0173929641813113,-0.013305322128851493,-0.07126106816487038,-0.025217948368746357,0.16444444444444445,0.0,0.48571428571428565,0.49834008097165994
synthpop,dm,1,7,8.483419418334961,0.025424215176622706,0.10348447730099808,0.01910874845017269,2.91742331910247,-0.006302521008403339,-0.07546760952621409,-0.030126275740558206,0.16,-0.00888888888888889,0.4,0.46862803862803865
synthpop,dm,2,0,5.881502628326416,0.11060684382263536,0.3441595649556129,0.03064065541918227,4.26450093109253,0.003501400560224077,-0.12627732808643502,-0.016841271275174874,0.09333333333333334,-0.00888888888888889,0.35714285714285715,0.43809523809523815
synthpop,dm,2,1,6.298468828201294,0.2004928525933023,0.704929306981624,0.024711175048040847,4.584113384957499,-0.0012004801920768582,-0.07665152979938486,0.005222751272718595,0.08,-0.039999999999999994,0.4,0.49264069264069266
synthpop,dm,1,8,9.487741470336914,0.03662427721698076,0.19563642484781954,0.018101518938372092,2.877781088992778,0.0007002801120448154,-0.10868496781762443,-0.06540438030212738,0.19555555555555557,0.026666666666666672,0.45714285714285713,0.5842424242424242
synthpop,dm,1,9,10.091692447662354,0.05264894445545716,0.3145812394069101,0.030527227454622795,3.0550912270337434,0.0007002801120448154,-0.053610258537846234,-0.024016704492592078,0.1511111111111111,-0.004444444444444445,0.5285714285714286,0.5438827838827838
synthpop,dm,2,2,5.074844837188721,0.043641828713536376,0.4510990484033784,0.02188407552689511,4.144049607715424,6.669334400433158e-05,-0.13124387454361616,-0.01049745940451935,0.10222222222222223,-0.039999999999999994,0.3857142857142858,0.4348767022451233
synthpop,dm,2,3,4.911637783050537,0.3205704860922327,0.339439597631019,0.018361243945298356,4.428742537208827,0.004201680672268893,-0.14589683787344965,-0.08826454976375903,0.07555555555555556,-0.03555555555555555,0.5,0.5091228070175438
synthpop,dm,2,4,5.283018350601196,0.07208754221202861,0.1252041168708326,0.020915819896607124,4.082421714211703,-0.3700146725356809,-0.42079588728106876,-0.4108117845407663,0.09777777777777778,-0.03555555555555555,0.4714285714285714,0.5061965811965812
synthpop,dm,2,5,5.436566114425659,0.23218429705239885,0.6431756722534946,0.018310941854699732,4.5025751471710365,0.003501400560224077,-0.09599668444040771,-0.04482252081646221,0.08888888888888889,-0.01777777777777778,0.47142857142857136,0.5144444444444445
synthpop,dm,2,6,5.576488018035889,0.03218142943715127,0.32497163265100776,0.03303885570953071,4.202010753603286,-0.4281379218354008,-0.33131312152870984,-0.28194544609351213,0.08888888888888889,-0.04444444444444444,0.5142857142857142,0.5442910031145325
synthpop,dm,2,7,5.705533027648926,0.2329624382359212,0.7871777590097944,0.0325968963886557,4.358182978508147,-0.17640389489128994,-0.2470813769175596,-0.20447259509149157,0.06222222222222222,-0.07111111111111111,0.5,0.516904761904762
synthpop,dm,2,8,5.16091251373291,0.16263566237824062,0.5658294782158778,0.029126268968976705,4.418992320840716,-0.3580432172869147,-0.32482592890931056,-0.316565625904792,0.09777777777777778,-0.03555555555555555,0.48571428571428577,0.5324242424242425
synthpop,dm,2,9,4.890803098678589,0.18165991650594215,0.6242901038612917,0.029708642404646168,4.6715152919295875,-0.23869547819127646,-0.38495876076611885,-0.34035147038666963,0.06666666666666667,-0.04444444444444444,0.4,0.4793939393939394
synthpop,dm,3,0,4.497302293777466,0.11834876655838004,0.3540575236511721,0.029702147314414423,4.351035249385549,-0.48949579831932777,-0.4099696635399571,-0.40005359357287157,0.07111111111111111,-0.022222222222222227,0.5,0.5842521367521367
synthpop,dm,3,1,4.747480869293213,0.13317949463797735,0.3379667836116592,0.020648578907360597,4.544437484084163,0.004201680672268893,-0.08055894971001798,-0.10593429023475659,0.07111111111111111,-0.04444444444444444,0.34285714285714286,0.4486363636363636
synthpop,dm,3,2,4.716416120529175,0.11683544818315086,0.6229562695040742,0.029389540316386117,4.647538282957223,0.0,-0.1771785302455748,-0.11201248500797661,0.04,-0.06666666666666668,0.4,0.5709090909090909
synthpop,dm,3,3,4.553760766983032,0.2588784854366066,0.6719727096361799,0.02279461182280184,4.362157526092216,0.004201680672268893,-0.04487663684517679,-0.033021103291598575,0.08,-0.026666666666666672,0.4285714285714285,0.48268202385849446
synthpop,dm,3,4,4.39481258392334,0.2510955020752497,0.5557252028488872,0.029519145660817862,4.669604750285641,-0.5927704415099373,-0.4496404653008208,-0.39086040055560367,0.057777777777777775,-0.0488888888888889,0.47142857142857136,0.5965079365079365
synthpop,dm,3,5,4.462928295135498,0.2507269435623272,0.6148945365861594,0.021643292849166818,4.754792437550452,-0.36627984527144186,-0.33186599696181124,-0.3663056260288754,0.07111111111111111,-0.048888888888888885,0.4714285714285714,0.49428571428571433
synthpop,dm,3,7,4.3959033489227295,0.2753932109103341,0.6628161581280292,0.02376796067818699,4.960676875567299,-0.5036347872482326,-0.3850084344761888,-0.3720501282275631,0.06222222222222222,-0.03555555555555556,0.5428571428571429,0.5348776223776224
synthpop,dm,3,6,4.656160116195679,0.13238348622853943,0.3869565839424355,0.03037150440281024,4.40977860140892,-0.17843804188341994,-0.26049915306134086,-0.2593750474494787,0.06666666666666667,-0.01777777777777778,0.45714285714285713,0.4590612002376708
synthpop,dm,3,8,4.753992319107056,0.2800420813513815,0.8881767674220725,0.017771437094910383,4.921024157324094,0.004201680672268893,-0.14467299058707553,-0.09316238786932861,0.057777777777777775,-0.057777777777777775,0.5142857142857142,0.5657541289120236
synthpop,dm,3,9,4.633507966995239,0.21703974186693425,0.7225927390652103,0.02120486531822832,4.345783641463092,-0.403828197945845,-0.39145831539372783,-0.32479366372282514,0.08444444444444445,-0.031111111111111103,0.41428571428571426,0.5165501165501165
synthpop,dm,4,0,4.308804750442505,0.2676885583862002,0.6961066059664803,0.015243941004835228,5.072030969336143,-0.45468187274909966,-0.3871905362781734,-0.3636729457436657,0.03111111111111111,-0.05333333333333334,0.4428571428571429,0.5024242424242424
synthpop,dm,4,1,4.111767768859863,0.13416027283347784,0.447061419500606,0.028865354708774764,4.8426686884022825,0.0021008403361344463,-0.1296786933417852,-0.1134726858339174,0.035555555555555556,-0.04,0.48571428571428577,0.4479454858866624
synthpop,dm,4,2,4.238827466964722,0.24443985430148044,0.8599817482349803,0.01815724526366794,5.075072010950835,-0.4575163398692811,-0.3756957930876428,-0.42929758502985677,0.02666666666666667,-0.05333333333333333,0.5285714285714286,0.5077020202020203
synthpop,dm,4,3,4.6714372634887695,0.2560054030542138,0.8985361111695686,0.019009207030970848,5.108272990666287,0.004201680672268893,-0.10140554088567677,-0.04675997523141745,0.035555555555555556,-0.044444444444444446,0.42857142857142855,0.506926406926407
synthpop,dm,4,4,4.206035614013672,0.28755441979718,0.6702151596024305,0.02942464267590797,4.940743964053968,0.004201680672268893,-0.09587926291518756,-0.05517784990316213,0.06222222222222222,-0.04000000000000001,0.42857142857142855,0.4934065934065933
synthpop,dm,4,5,4.470384836196899,0.07811134408048057,0.10166061613576392,0.027450552188340045,4.886012695979396,-0.5197078831532613,-0.3523907796325352,-0.41701529209350774,0.04888888888888889,-0.04,0.42857142857142855,0.5770673770673771
synthpop,dm,4,6,4.266892433166504,0.2724505677951601,0.621801780089747,0.022857301687353046,5.01507246805655,-0.3411364545818327,-0.42587297029276683,-0.272322584660472,0.04,-0.044444444444444446,0.5714285714285714,0.5559989030577265
synthpop,dm,4,7,3.8588380813598633,0.29069886007010626,0.7614588359879729,0.020134851065908586,4.936769609023099,-0.2590369481125784,-0.3168605499224525,-0.3042288330217806,0.044444444444444446,-0.04888888888888889,0.34285714285714286,0.49860139860139857
synthpop,dm,4,8,4.1873650550842285,0.2741614579992684,0.9875152522629753,0.02338448290072172,4.93332292163569,-0.6248832866479925,-0.4379986223680672,-0.47004980615480363,0.05333333333333334,-0.013333333333333329,0.5285714285714286,0.628968253968254
synthpop,dm,4,9,4.306760311126709,0.2548621888780833,0.7423992982562059,0.017078777290500266,4.947662764814559,0.004201680672268893,-0.1390253095673138,-0.10730754996416222,0.044444444444444446,-0.044444444444444446,0.3285714285714285,0.39216959511077154
synthpop,dm,5,0,4.142170667648315,0.29683061721263176,0.8056835059857909,0.021178739380062532,5.021684544069357,-0.39442443644124314,-0.3397207368304287,-0.3688055311804519,0.044444444444444446,-0.035555555555555556,0.4,0.4885164835164836
synthpop,dm,5,1,3.9984359741210938,0.18660859986023556,0.6241736434639434,0.026857316833019666,4.91210591070882,-0.5703614779245031,-0.5070111935408815,-0.4064480380114688,0.044444444444444446,-0.044444444444444446,0.42857142857142855,0.5011111111111111
synthpop,dm,5,2,4.115150690078735,0.2550078807802978,0.9088355525430208,0.01850472995460263,4.9854035786563715,-0.5279778578097905,-0.425424942461351,-0.4405184874729018,0.044444444444444446,-0.026666666666666665,0.5,0.6165584415584415
synthpop,dm,5,3,4.0761799812316895,0.19393736737055578,0.5468179712149691,0.0306753466781776,4.534978054785194,0.0007002801120448154,-0.0843034559181412,-0.056329515884704584,0.04,-0.07555555555555554,0.48571428571428565,0.4721390374331551
synthpop,dm,5,4,4.201883554458618,0.30743617545432544,0.8640887473650584,0.020891737727877682,5.124599636672658,-0.5319461117780445,-0.5050581055693203,-0.45167669733801297,0.035555555555555556,-0.026666666666666665,0.4,0.5246825396825396
synthpop,dm,5,5,4.172391891479492,0.25806239901734357,0.5505856146109477,0.017496619923950237,5.220011238258318,-0.6913432039482459,-0.3578631643539217,-0.4525430020424414,0.04,-0.044444444444444446,0.4428571428571429,0.5076923076923077
synthpop,dm,5,6,4.415846586227417,0.2769851866265274,0.8607482762015264,0.019375650464354046,5.0305484148003865,-0.23699479791916778,-0.4110530749758977,-0.311082394016679,0.04,-0.0711111111111111,0.4714285714285714,0.5257142857142856
synthpop,dm,5,7,4.634572982788086,0.26793817791787644,0.6181666906521938,0.02164971289215007,5.08391755052414,-0.3562758436708017,-0.33979352617950304,-0.3169424761167717,0.035555555555555556,-0.026666666666666665,0.4428571428571429,0.6077777777777778
synthpop,dm,5,8,4.25684380531311,0.26833505124981455,0.5436939858842652,0.030038806634366054,5.214828945563512,-0.4884953981592637,-0.4189155335939583,-0.40859219070078495,0.03111111111111111,-0.06222222222222223,0.3571428571428571,0.46994560994560997
synthpop,dm,5,9,3.9582784175872803,0.1738136185010013,0.6822531671111808,0.027182882296585664,5.147995393557701,-0.3920568227290916,-0.30117893736260615,-0.3216061106038686,0.04,-0.03111111111111111,0.5142857142857143,0.5233771929824561
synthpop,dm,6,0,3.7623589038848877,0.2812741388577068,0.5841390197813706,0.03102196955949205,5.050100906650108,-0.30218754168333994,-0.3867709110878197,-0.30265051835148943,0.04,-0.044444444444444446,0.5142857142857143,0.5099145299145299
synthpop,dm,6,1,3.8449583053588867,0.28696259282956216,0.8785768900594563,0.030293833290636216,5.231475848737579,-0.34130318794184344,-0.42560174886424446,-0.3640227616949385,0.035555555555555556,-0.04888888888888889,0.48571428571428565,0.5105627705627704
synthpop,dm,6,2,4.061518430709839,0.27874195428438947,0.5804096720805624,0.02898710492045315,5.0443503392120785,0.004201680672268893,-0.11693531151341471,-0.08895701753973917,0.035555555555555556,-0.04,0.45714285714285713,0.49540293040293043
synthpop,dm,6,3,4.038776636123657,0.16305962087203524,0.49088268827893783,0.028513815032720956,4.991411232804004,-0.3825863678804855,-0.362417347431807,-0.3957529699759278,0.04,-0.06666666666666668,0.5857142857142856,0.5321256038647343
synthpop,dm,6,4,3.973114013671875,0.13831201024903045,0.27298227899350164,0.017767197501490743,5.085050257053945,-0.57953181272509,-0.38917119685660795,-0.3932020737133982,0.008888888888888889,-0.057777777777777775,0.5142857142857142,0.6108766233766233
synthpop,dm,6,5,3.917922258377075,0.2997029825951715,0.6556789090725242,0.018837247007415403,5.193622916351544,-0.4711551287181539,-0.4278857826010891,-0.4162112648151367,0.03111111111111111,-0.04,0.45714285714285713,0.5307178932178933
synthpop,dm,6,6,4.305140495300293,0.2730010522145119,0.88322076993919,0.02646155618121623,4.890144194096356,-0.5987728424703214,-0.45249027977628886,-0.4042574690062699,0.022222222222222223,-0.057777777777777775,0.3857142857142857,0.4489044289044289
synthpop,dm,6,7,3.256086826324463,0.26335058781427945,0.5755502418083192,0.021123629324950138,5.124432467534396,-0.13665466186474595,-0.3107799407936682,-0.2207311924000798,0.035555555555555556,-0.035555555555555556,0.3571428571428571,0.479004329004329
synthpop,dm,6,8,3.821733236312866,0.2905951720633827,0.5709685240133037,0.021364089244928695,5.296559937494723,-0.4377417633720154,-0.37364187117664593,-0.4564384215143925,0.04,-0.05333333333333334,0.3571428571428571,0.5242424242424242
synthpop,dm,6,9,3.777050018310547,0.31608505406375353,0.6460157921154603,0.019918268698843986,5.1205900640191055,0.004201680672268893,-0.16855226691180755,-0.09836278576784907,0.035555555555555556,-0.03111111111111111,0.5142857142857142,0.570952380952381
synthpop,dm,7,0,3.8594601154327393,0.24339999540617102,0.5427396725572812,0.018190726951243737,5.244331836712927,-0.5163398692810458,-0.4015621430063519,-0.47299753855881416,0.03111111111111111,-0.044444444444444446,0.34285714285714286,0.6044877344877345
synthpop,dm,7,1,3.7066142559051514,0.26502547965510725,0.6784451979070146,0.02896040934315861,5.162473747032612,0.004201680672268893,-0.15033513400862927,-0.10324967786554184,0.017777777777777778,-0.04444444444444444,0.4428571428571429,0.4874028749028748
synthpop,dm,7,2,3.854384660720825,0.28210320468486366,0.9011850034469605,0.020595063354950923,5.1263752436621415,-0.45328131252501014,-0.3602587693149252,-0.40241090681195324,0.02666666666666667,-0.031111111111111107,0.3285714285714285,0.4263203463203463
synthpop,dm,7,3,3.7987914085388184,0.2814267252313345,0.7511612139756171,0.03251359701615523,5.279561829193385,-0.3520408163265307,-0.4143720324194979,-0.32589290832589446,0.035555555555555556,-0.026666666666666665,0.3857142857142857,0.4468531468531468
synthpop,dm,7,4,3.9558701515197754,0.294247206132543,0.9012476708378279,0.02893245348419285,5.288428335309491,-0.5327464319060958,-0.4068681343279571,-0.41808635565201563,0.04,-0.02222222222222222,0.42857142857142855,0.45983044733044737
synthpop,dm,7,5,3.7429563999176025,0.2622836309836981,0.8325889263322628,0.03200922663840609,5.098558531735816,-0.5942710417500334,-0.3780651448448364,-0.4465300095724528,0.06666666666666667,-0.00888888888888889,0.4571428571428572,0.6405372405372406
synthpop,dm,7,6,3.6542208194732666,0.3020223923740553,0.3248038078033803,0.023324580466125216,5.253182896972602,-0.49683206615979725,-0.35315285167836924,-0.38522551487121803,0.03111111111111111,-0.035555555555555556,0.48571428571428577,0.5241025641025641
synthpop,dm,7,7,3.516273021697998,0.2542288159478072,0.42394789305885616,0.020438056814120878,5.214634231292857,-0.36728024543150595,-0.4323919963301097,-0.35718288461894593,0.035555555555555556,-0.044444444444444446,0.41428571428571426,0.4424325674325675
synthpop,dm,7,8,3.820974826812744,0.2775066495101528,0.8974372946638279,0.02728103034469987,5.128739751086112,0.003501400560224077,-0.15643037517087138,-0.06667462672501631,0.02666666666666667,-0.05333333333333333,0.4714285714285714,0.5103108003108004
synthpop,dm,7,9,3.6820220947265625,0.2717787379792348,0.6961115708244043,0.019160313493341023,5.042799465454344,-0.43103908229958654,-0.3919194377652139,-0.4323928029372217,0.044444444444444446,-0.04888888888888889,0.4428571428571429,0.5031550802139038
synthpop,dm,8,0,4.175189018249512,0.3097569351705525,0.7192116400284243,0.019010916831707247,5.293566650121456,-0.17630385487528344,-0.3359510894977912,-0.24990384509416474,0.04888888888888889,-0.02222222222222222,0.4714285714285714,0.5256818181818181
synthpop,dm,8,1,3.863760232925415,0.27905864044839607,0.615714771435408,0.01811172629091782,5.124692958035015,-0.4113311991463252,-0.37464451445394237,-0.3551705738343445,0.04,-0.035555555555555556,0.3571428571428571,0.4766666666666667
synthpop,dm,8,2,3.680495500564575,0.25185136640766803,0.7670648282883336,0.016256035427946534,5.262798767339432,-0.4267707082833134,-0.4328026980368621,-0.4257746569172285,0.035555555555555556,-0.03111111111111111,0.4714285714285714,0.5053463203463203
synthpop,dm,8,3,3.5940003395080566,0.24083456894796515,0.6725063046174726,0.027939523286035318,5.338004595042164,-0.47112178204615174,-0.446386704918178,-0.3699365965950375,0.035555555555555556,-0.03111111111111111,0.4142857142857143,0.5333333333333333
synthpop,dm,8,4,3.751392364501953,0.2958847194661274,0.26343967280711156,0.029764833686869472,5.028375330936319,0.004201680672268893,-0.13999714636007174,-0.07638007177284334,0.04888888888888889,-0.013333333333333329,0.5,0.4966214177978884
synthpop,dm,8,5,3.877265453338623,0.2390637078435388,0.7397322482000545,0.018963545563654326,5.304570731115447,-0.21845404828598103,-0.287582447693721,-0.22847608239318648,0.03111111111111111,-0.04888888888888889,0.41428571428571426,0.5024975024975025
synthpop,dm,8,6,4.464509010314941,0.3264653467842584,0.7468755095859049,0.019117264387201318,5.267792434755482,-0.41503267973856206,-0.371718813976911,-0.35068672756441527,0.035555555555555556,-0.026666666666666665,0.42857142857142855,0.5098484848484849
synthpop,dm,8,7,4.307348012924194,0.2683314151331351,0.8749232639657315,0.01770071692910715,5.148865488295082,-0.17406962785114044,-0.2708797669455727,-0.22862464724810888,0.057777777777777775,-0.004444444444444445,0.5,0.5703185703185703
synthpop,dm,8,8,3.88686466217041,0.2928172641255874,0.6778138627723523,0.021167129432193448,5.165746632015403,-0.11021075096705357,-0.2792923328619036,-0.21790155335042105,0.02666666666666667,-0.03555555555555555,0.3142857142857142,0.5006959706959707
synthpop,dm,8,9,3.910179615020752,0.27400696456493184,0.7580573028970444,0.030044539136440337,5.200106673147472,-0.18844204348406035,-0.3251317696891319,-0.1823632902926191,0.035555555555555556,-0.02222222222222222,0.3857142857142857,0.6255555555555555
synthpop,dm,9,0,3.9317433834075928,0.25794225511725277,0.42938167281872136,0.03001702142504192,5.292909705991623,-0.36924769907963195,-0.4273683445370918,-0.3339033855934721,0.013333333333333334,-0.05333333333333333,0.5,0.5629370629370629
synthpop,dm,9,1,4.410135507583618,0.11883035341061904,0.3708988873633509,0.02942828064113267,5.10389501219548,-0.21275176737361612,-0.3155682586411091,-0.3038148514758495,0.03111111111111111,-0.035555555555555556,0.4714285714285714,0.573939393939394
synthpop,dm,9,2,3.7059922218322754,0.2734981336138165,0.8424799924773543,0.021097847602845596,5.275969813944312,-0.4441776710684274,-0.43537428988667837,-0.4317642118552471,0.04,-0.026666666666666665,0.5,0.5115159694107063
synthpop,dm,9,3,4.029923677444458,0.2670187308727739,0.8516180884053397,0.030535147372759915,5.18326182247603,-0.5103374683206616,-0.4066990043067116,-0.42470507679516445,0.04,-0.04888888888888889,0.4,0.4647319347319347
synthpop,dm,9,4,3.7108190059661865,0.3019286229220469,0.9505291194731932,0.03279225857861773,5.221897143772446,-0.44344404428438033,-0.4317524703751612,-0.39528371178727106,0.013333333333333334,-0.057777777777777775,0.41428571428571426,0.45860139860139854
synthpop,dm,9,5,4.084098815917969,0.27073093261479525,0.9353919161721533,0.01842460200939176,5.355340396922487,-0.4311391223155929,-0.4161207866244899,-0.4209333528372349,0.03111111111111111,-0.044444444444444446,0.38571428571428573,0.5304584304584304
synthpop,dm,9,6,4.049854755401611,0.24485717223947615,0.8574086981725239,0.03151255944135447,5.166599560029863,-0.3146258503401361,-0.3856049641982605,-0.41259745962943833,0.04888888888888889,-0.026666666666666665,0.45714285714285713,0.5193939393939393
synthpop,dm,9,7,4.058351516723633,0.264280565634156,0.5883238109032142,0.03211143006304508,5.243728417109965,0.003501400560224077,-0.08323856103143207,-0.04536682992382522,0.035555555555555556,-0.026666666666666665,0.37142857142857144,0.4981684981684982
synthpop,dm,9,8,4.181320428848267,0.24390133905079836,0.6171077090076745,0.01809075597403854,5.26932802308741,-0.3469054288382021,-0.40665221628100434,-0.39781407149078707,0.035555555555555556,-0.04,0.3857142857142857,0.5243939393939394
synthpop,dm,10,0,4.819620132446289,0.28599536675848847,0.9635097123425095,0.030203623624835103,5.277678790390252,-0.5533213285314126,-0.4452491294679822,-0.39893948224492437,0.04888888888888889,-0.03111111111111111,0.3857142857142857,0.61
synthpop,dm,10,1,4.307508945465088,0.2580388270654921,0.8095208750116111,0.01868072930994861,5.39087439226944,-0.20194744564492462,-0.26582766527393215,-0.2255575165062839,0.03111111111111111,-0.035555555555555556,0.48571428571428577,0.5478838808250572
synthpop,dm,9,9,4.611605167388916,0.29477200859747105,0.5549746568711429,0.019474115774825478,5.1398301090482965,-0.22815792983860217,-0.3268052698389319,-0.29716652091745166,0.03111111111111111,-0.04888888888888889,0.5142857142857142,0.6387645687645688
synthpop,dm,10,2,3.819251298904419,0.28813432908178127,0.45307075557017423,0.018169562759511364,5.31320816178928,-0.4402427637721755,-0.37516171923873387,-0.36338246079253544,0.022222222222222223,-0.017777777777777778,0.5142857142857142,0.5582251082251082
synthpop,dm,10,3,4.327878475189209,0.1828923640966857,0.5282670840101878,0.020098218240332737,5.3336458344359,-0.171702014138989,-0.4282227280929223,-0.35160403177911115,0.035555555555555556,-0.03111111111111111,0.41428571428571426,0.49194694194694205
synthpop,dm,10,4,4.251315355300903,0.3002186736103952,0.7628217066404759,0.027531513119809448,5.194424794426312,-0.25193410697612384,-0.2441212586025991,-0.31397723917190024,0.03111111111111111,-0.07111111111111112,0.38571428571428573,0.47727272727272724
synthpop,dm,10,5,5.695167541503906,0.24634924950126402,0.3996468161812727,0.021073660212809552,5.2090551595391466,-0.4071628651460584,-0.3428885357969361,-0.38348232671915294,0.04,-0.03111111111111111,0.42857142857142855,0.48864664747017683
synthpop,dm,10,6,5.129522085189819,0.2678686403281306,0.7033126283167865,0.030924847349558575,4.987799353039389,-0.3724156329198346,-0.38532874293893066,-0.3428364555579746,0.022222222222222223,-0.017777777777777778,0.3571428571428571,0.4568376068376068
synthpop,dm,10,7,5.154110670089722,0.17318119158922768,0.5923183993312588,0.017810979993418855,5.130979395685632,-0.41243163932239557,-0.3788117897233224,-0.4043474013895715,0.02666666666666667,-0.031111111111111107,0.4,0.4496428571428571
synthpop,dm,10,8,3.7015583515167236,0.29884605040900486,0.5904911082224474,0.01741662099974464,5.30178527507602,-0.5106375883686808,-0.4101667189843578,-0.43344266627958006,0.022222222222222223,-0.03555555555555555,0.41428571428571426,0.5203607503607504
synthpop,dm,10,9,4.079224109649658,0.3191660727865117,0.7563099121402947,0.02831469506531295,5.310679126643053,-0.14819261037748432,-0.2410248135370449,-0.17039821785712908,0.022222222222222223,-0.022222222222222223,0.38571428571428573,0.45807692307692316
synthpop,dm,1,10,8.497857093811035,0.03162996906171075,0.4146547666601225,0.03368654370873459,3.245370970871892,0.0014005602240896309,-0.10027552631423906,-0.046005589367386704,0.16444444444444445,0.0,0.5714285714285714,0.5410902503293807
synthpop,dm,1,12,8.871517181396484,0.010242264682345997,0.723620421040701,0.024420483947952685,2.9327906260184817,-0.008403361344537785,-0.07836762404885309,-0.08125781288956012,0.1688888888888889,-0.01777777777777778,0.5428571428571429,0.5034090909090909
synthpop,dm,1,15,8.959153652191162,0.029668502176235886,0.1594425843739633,0.029606267138743574,3.001548147661896,0.004201680672268893,-0.07729656079153432,-0.07287763418060804,0.18666666666666668,0.0,0.42857142857142855,0.45988835725677835
synthpop,dm,1,11,9.713968276977539,0.04962955969566542,0.28159586072258097,0.020453860073688622,2.8957462229477398,0.0028011204481792618,-0.13277348266826633,-0.05485821647656769,0.12444444444444444,-0.022222222222222227,0.5714285714285714,0.49986928104575157
synthpop,dm,1,13,9.787057876586914,0.06924744932379423,0.09718190371803151,0.022308272987600953,3.079448396994024,0.0014672535680939625,-0.10160077688527336,-0.08992177605449397,0.14222222222222222,-0.022222222222222227,0.5714285714285714,0.5291666666666667
synthpop,dm,1,14,8.825941324234009,0.04743664851500157,0.03715458848757715,0.025267412127896616,2.967275125579981,0.0007002801120448154,-0.07997907672350879,-0.06489138732797985,0.18222222222222223,-0.004444444444444445,0.5428571428571429,0.5142857142857143
synthpop,dm,1,17,8.169808149337769,0.039314495560213956,0.24702349472771012,0.026011438664870077,3.0341826497421627,0.0021008403361344463,-0.08221711162768999,-0.02399645576799736,0.15555555555555556,-0.004444444444444445,0.5285714285714287,0.5627997002997003
synthpop,dm,1,16,7.430243968963623,0.03491868463188849,0.7250295816871046,0.022483719209421132,2.9119304139757856,-0.0020341469921302258,-0.06599722236028566,-0.01552827392001771,0.14666666666666667,-0.013333333333333336,0.47142857142857136,0.5406060606060605
synthpop,dm,1,18,8.301206827163696,0.039126195662977384,0.493994083322792,0.021719981935162246,2.973793676336718,-0.0021008403361344463,-0.0410204767182579,-0.050451632987809636,0.1511111111111111,-0.03555555555555556,0.5,0.5552380952380952
synthpop,dm,1,19,8.337522029876709,0.04799921167568975,0.2618857782861153,0.021658451455106913,3.0621416592795505,0.004201680672268893,-0.07124552912055118,0.011880941180625715,0.16,-0.026666666666666672,0.6,0.5186747506019952
synthpop,dm,2,10,4.559587717056274,0.14748177028869822,0.2871292536397289,0.016507804893309427,4.285614788132315,0.004201680672268893,-0.12247246249424223,-0.09635268193800905,0.10222222222222223,-0.03555555555555555,0.5285714285714286,0.5673326673326674
synthpop,dm,2,11,4.574715614318848,0.17941824983356025,0.6975413970658155,0.020985005609801825,4.321122003188446,-0.0007002801120448154,-0.06144862698068526,-0.09884013302234473,0.07555555555555556,-0.022222222222222227,0.3857142857142858,0.4671794871794871
synthpop,dm,2,13,4.442067384719849,0.18025565060648133,0.6011213534606021,0.030546076217249425,4.005824986473772,0.0028011204481792618,-0.07512077091970776,-0.03103075384220949,0.1111111111111111,-0.04000000000000001,0.41428571428571426,0.45333824070666173
synthpop,dm,2,12,4.762116193771362,0.13692823961794023,0.41607606342449455,0.022112893271700403,4.155148337929041,0.003501400560224077,-0.09140180035055506,-0.03426256562066593,0.07555555555555556,-0.07111111111111111,0.5,0.48280542986425334
synthpop,dm,2,15,4.836519956588745,0.26854143404182135,0.8391499562509253,0.019896455579119916,4.345250949047615,0.0028011204481792618,-0.11274939064351555,-0.10979933080385335,0.07111111111111111,-0.057777777777777775,0.48571428571428565,0.5113273001508296
synthpop,dm,2,14,4.552226781845093,0.21320887186991688,0.5729443208123275,0.026360408880451186,4.168775181201829,-0.3620448179271709,-0.3569352383635854,-0.35681945533846793,0.11555555555555555,-0.022222222222222227,0.5,0.48695108812755866
synthpop,dm,2,17,4.482895135879517,0.10099765557946813,0.5178036955247732,0.03023085599582089,4.218059657663156,0.003501400560224077,-0.19714585546050362,-0.09696808514598737,0.08,-0.039999999999999994,0.4428571428571429,0.4893589743589743
synthpop,dm,2,16,4.723874807357788,0.18278506202757897,0.48495405897109894,0.02268465583160408,4.111360336395286,-0.3927571028411364,-0.3863365047098982,-0.31625058418432334,0.08444444444444445,-0.031111111111111103,0.48571428571428565,0.5072809543397778
synthpop,dm,2,18,4.708694934844971,0.12491294287368464,0.487588427179744,0.028992008382551105,4.203744013932317,-0.1378551420568228,-0.2648602454345786,-0.2041722074652946,0.08888888888888889,-0.039999999999999994,0.5428571428571429,0.4961722488038278
synthpop,dm,2,19,4.737041473388672,0.13760951193022727,0.3207710504011464,0.019085896623300975,4.353042075625975,0.004201680672268893,-0.11865041567143708,-0.09905669089160668,0.10666666666666667,-0.04444444444444444,0.5285714285714286,0.4794711824123589
synthpop,dm,3,10,4.3640220165252686,0.1967237127233396,0.7474985928227361,0.021731638888219294,4.648984467951533,0.004201680672268893,-0.08685633468137893,-0.021563197261037892,0.08,-0.04444444444444444,0.42857142857142855,0.5084415584415585
synthpop,dm,3,11,3.678231716156006,0.10953203213366322,0.12363389772102504,0.020483646857260656,4.901180502514096,-0.5321128451380552,-0.3781965069585038,-0.4000778437940844,0.04888888888888889,-0.044444444444444446,0.4,0.5356060606060605
synthpop,dm,3,12,3.7341415882110596,0.23530046671300306,0.9523737813244888,0.028174938947757404,4.990728590626334,-0.004201680672268893,-0.18052902437788593,-0.09931826192156806,0.05333333333333334,-0.05777777777777777,0.48571428571428565,0.5765783236371471
synthpop,dm,3,13,3.7672178745269775,0.26306171779791326,0.7769472079849149,0.021508753075861187,4.655398976471586,-0.47825796985460856,-0.32531679187726403,-0.406898420989803,0.057777777777777775,-0.03555555555555556,0.5142857142857143,0.5368589743589743
synthpop,dm,3,14,3.6164660453796387,0.17220808182151748,0.638953870227405,0.028978404505173968,4.578293587391021,-0.2482993197278911,-0.3034539092458388,-0.2713301377922418,0.04,-0.044444444444444446,0.42857142857142866,0.48026315789473684
synthpop,dm,3,15,3.734980821609497,0.2919894409863215,0.8552312311757384,0.021454107335664857,4.616773030417978,0.004201680672268893,-0.09609277813748346,-0.07210299891683969,0.09333333333333334,-0.017777777777777767,0.2857142857142857,0.41035353535353536
synthpop,dm,3,16,3.9296627044677734,0.33407488166081345,0.7638129558611862,0.016641744020504404,5.091574185219799,0.004201680672268893,-0.06326061418367701,-0.02295185190188459,0.04,-0.035555555555555556,0.5000000000000001,0.4864285714285715
synthpop,dm,3,17,4.006573677062988,0.016671251885241177,0.35351956156874165,0.022201919276522458,4.810903817709711,-0.3542083500066693,-0.3765639315510441,-0.36319817065653176,0.06222222222222222,-0.048888888888888885,0.4142857142857143,0.47130341880341886
synthpop,dm,3,19,3.916813611984253,0.05093056138991371,0.42182329825766984,0.022942057769115683,4.462624873815239,-0.5157062825130052,-0.39261099055699356,-0.4501306051699468,0.07555555555555556,-0.026666666666666672,0.3857142857142858,0.46952020202020195
synthpop,dm,3,18,3.8189682960510254,0.270247054080774,0.9388797299011239,0.01570752216156464,4.66370700910498,-0.588235294117647,-0.4259495148864766,-0.43929144707450596,0.05333333333333334,-0.04,0.5,0.5298987287222581
synthpop,dm,4,10,3.403754711151123,0.19284307889436259,0.6523662982502624,0.0211951245740424,4.93197390199606,-0.4090302787781779,-0.3649189213379433,-0.3686854720224557,0.05333333333333334,-0.05777777777777777,0.37142857142857144,0.4725044563279857
synthpop,dm,4,12,3.6037893295288086,0.3060626128372247,0.5910649268357178,0.031684912200285006,5.03479262313623,-0.3650126717353609,-0.3913605160001927,-0.3793022527481634,0.044444444444444446,-0.05777777777777778,0.41428571428571426,0.519047619047619
synthpop,dm,4,11,3.829864978790283,0.2652857324220093,0.7715999786589468,0.02983064183093399,4.652441687491872,0.004201680672268893,-0.062413371002176615,-0.03043499337073763,0.044444444444444446,-0.017777777777777774,0.4,0.5409090909090908
synthpop,dm,4,13,3.4570295810699463,0.24499483845273123,0.7495254052910317,0.02796460530497458,5.153177018430242,-0.2319594504468454,-0.3647890981211915,-0.2809848365325992,0.035555555555555556,-0.05333333333333334,0.5571428571428572,0.5343137254901961
synthpop,dm,4,14,3.6724390983581543,0.1560994138038458,0.7809702408046778,0.025682764518061715,4.918943062749925,-0.39048952914499135,-0.346907607816596,-0.3332249498105423,0.057777777777777775,-0.026666666666666672,0.3428571428571428,0.46153846153846156
synthpop,dm,4,15,3.7307584285736084,0.2574659679573626,0.617231898347975,0.018874471166958093,4.993531455508948,0.003501400560224077,-0.08441745850866877,-0.05037613809765712,0.044444444444444446,-0.04,0.48571428571428565,0.5800854700854701
synthpop,dm,4,16,3.614790678024292,0.29363486243329545,0.34272983547978847,0.01994119155109532,5.119230644888952,-0.47522342270241436,-0.34319127578280173,-0.3830372211502677,0.05333333333333334,-0.026666666666666665,0.45714285714285713,0.586923076923077
synthpop,dm,4,17,3.6925437450408936,0.2847667644768289,0.7389014073574985,0.018296925849553128,5.019392182093146,-0.16266506602641062,-0.2818482236932115,-0.28606985206094265,0.057777777777777775,-0.03555555555555556,0.4142857142857143,0.4719988344988345
synthpop,dm,4,18,3.614802122116089,0.1978185595240025,0.513470054760086,0.020527488601289386,4.828589459736771,-0.6752701080432173,-0.37397930426106796,-0.4404556557858704,0.044444444444444446,-0.044444444444444446,0.47142857142857136,0.5390293040293039
synthpop,dm,4,19,3.481619119644165,0.028165791388598902,0.2749700178240016,0.01813443568069912,4.728890187992213,0.004201680672268893,-0.06881617975240645,-0.02460721995840523,0.04,-0.04,0.3571428571428571,0.47242424242424247
synthpop,dm,5,10,3.4969072341918945,0.26289983517626503,0.6633029844374406,0.017765715317080693,5.222149086062606,-0.4220354808590103,-0.37506544508296313,-0.34134179697717615,0.035555555555555556,-0.04,0.4285714285714285,0.5852380952380953
synthpop,dm,5,11,3.577488660812378,0.2590095467703174,0.5173040225790091,0.02958964873623088,5.2906772199999335,-0.29548486061091106,-0.39418232504039175,-0.35255640051151615,0.03111111111111111,-0.04888888888888889,0.4428571428571429,0.5268780239368474
synthpop,dm,5,12,3.3140006065368652,0.2961546349075651,0.8837152418003501,0.018822113073437105,5.066438094728134,-0.29558490062691745,-0.3002769853367634,-0.28944245382718103,0.035555555555555556,-0.06222222222222223,0.48571428571428577,0.5336829836829836
synthpop,dm,5,13,3.610034942626953,0.25409934004497137,0.8545980661547287,0.019507461208921325,5.034033940374228,-0.40889689209016933,-0.3407027152588794,-0.39294433422079683,0.06222222222222222,-0.022222222222222227,0.42857142857142855,0.5042475171886938
synthpop,dm,5,14,3.554013967514038,0.29154349467550916,0.5590843919434055,0.019753170910639238,5.187074766702581,-0.46351874082966527,-0.44365447948199394,-0.420995876429604,0.04888888888888889,-0.026666666666666665,0.5,0.5713131313131312
synthpop,dm,5,15,3.38260555267334,0.03871868105504839,0.7067300067103356,0.01914854811034929,4.947495973169292,-0.33503401360544205,-0.3351310882929527,-0.35436995559766654,0.04888888888888889,-0.03111111111111111,0.4428571428571429,0.5175990675990676
synthpop,dm,5,16,3.6278798580169678,0.21284505649338675,0.6415321418015439,0.016291148340518077,5.043898530216236,0.0014005602240896309,-0.08134277264167358,-0.03033190457565077,0.044444444444444446,-0.017777777777777774,0.48571428571428565,0.5043589743589744
synthpop,dm,5,17,3.532437324523926,0.14804264068476464,0.1810280844656532,0.027670682524615436,4.815819128752666,-0.37158196611978134,-0.38704150959938005,-0.40165167019683834,0.05333333333333334,-0.05333333333333334,0.4142857142857143,0.4920974450386216
synthpop,dm,5,18,3.8024208545684814,0.2894008342346639,0.7281372987035944,0.02114673055820872,5.0298452237360864,-0.5080365479525144,-0.4565735317504146,-0.43980257613065615,0.044444444444444446,-0.04,0.38571428571428573,0.5003968253968254
synthpop,dm,5,19,3.662796974182129,0.24919476627517562,0.5264578133014391,0.019357963054241336,5.1211810819721615,-0.42913832199546487,-0.3377433486702758,-0.3659893343223084,0.035555555555555556,-0.05333333333333334,0.5428571428571428,0.5265512265512265
synthpop,dm,6,10,3.4521799087524414,0.26630554361315595,0.6388054955183856,0.020431328811360564,5.119262853170201,-0.3289315726290517,-0.3424820383656578,-0.32971501829920424,0.044444444444444446,-0.035555555555555556,0.38571428571428573,0.58011544011544
synthpop,dm,6,11,3.4608559608459473,0.2958497450122957,0.9045009816936778,0.019952847578107342,4.96246105491719,0.004201680672268893,-0.1469261823396098,-0.0859816202425513,0.03111111111111111,-0.04,0.3714285714285714,0.5131746031746032
synthpop,dm,6,12,3.789060115814209,0.26016680245835894,0.8685591754249369,0.01856895334633707,5.296762692364772,-0.5178404695211418,-0.42595642723289673,-0.3727653538472767,0.04,-0.04,0.5,0.5046003016591251
synthpop,dm,6,13,3.8078131675720215,0.21206555730783277,0.7028563085580466,0.028868910652124418,4.93849645554159,-0.28621448579431774,-0.45507796653150506,-0.35494256735158625,0.02666666666666667,-0.039999999999999994,0.3714285714285714,0.45939393939393935
synthpop,dm,6,14,3.4601917266845703,0.28555758734999076,0.8717464599896038,0.029771250071987214,5.111086621936871,0.004201680672268893,-0.12747893744661154,-0.03539133474784889,0.035555555555555556,-0.044444444444444446,0.5285714285714286,0.5444047619047618
synthpop,dm,6,15,3.614893913269043,0.17491737264866233,0.5771938616501544,0.02041541552751524,5.295866418246651,-0.5798652794451113,-0.4179378621132165,-0.46415998496973926,0.04888888888888889,-0.013333333333333329,0.42857142857142855,0.5311013986013986
synthpop,dm,6,16,3.573054790496826,0.2379681851841929,0.8596164807072378,0.02966419219237862,5.184458182215029,-0.3944911297852475,-0.4211266859539221,-0.3144746052712622,0.04,-0.02222222222222222,0.42857142857142855,0.5119347319347318
synthpop,dm,6,17,3.382406234741211,0.2941181857280758,0.7703068677577385,0.018918893754632023,5.030712449441961,-0.17453648125917032,-0.29525974489826345,-0.24858474984341802,0.04888888888888889,-0.035555555555555556,0.48571428571428565,0.49309200603318254
synthpop,dm,6,18,3.35897159576416,0.2844854710772651,0.9132169207456655,0.03638802407140647,5.154771503178005,-0.4380418834200347,-0.3190599439258045,-0.3663177029215082,0.035555555555555556,-0.035555555555555556,0.4285714285714285,0.519208277103014
synthpop,dm,6,19,3.4125311374664307,0.25739456645970576,0.3880829689222898,0.031208047739039207,4.921302404153775,-0.1800720288115245,-0.2884316754320402,-0.18144696815262648,0.03111111111111111,-0.044444444444444446,0.3571428571428571,0.5012698412698412
synthpop,dm,7,10,3.601181983947754,0.26609985337214914,0.6383018686140723,0.018578685089540584,5.133311178643468,-0.30102040816326525,-0.36718609321941836,-0.367679193032291,0.02666666666666667,-0.039999999999999994,0.48571428571428565,0.49537056081173725
synthpop,dm,7,11,3.808887481689453,0.17888525794308513,0.36989934213869513,0.029280744713344138,5.087771529917338,-0.42690409497132187,-0.3514673449008727,-0.3648152513205133,0.035555555555555556,-0.013333333333333336,0.45714285714285713,0.5200703871292107
synthpop,dm,7,12,3.540708541870117,0.25852629665679183,0.9929703961719921,0.016475045768381054,5.319280103785178,-0.3906896091770041,-0.45835796099005777,-0.407233998914213,0.04,-0.035555555555555556,0.38571428571428573,0.5018614718614718
synthpop,dm,7,13,3.3730063438415527,0.15921401840093669,0.5640653774251542,0.030787625983965835,5.118359645496155,0.004201680672268893,-0.19379367585144766,-0.11951469092175085,0.017777777777777778,-0.04444444444444444,0.35714285714285715,0.5059523809523809
synthpop,dm,7,14,3.5616986751556396,0.10880170049583214,0.36866727106020264,0.0300287348681627,5.070981745732451,-0.4439442443644125,-0.3669662603564857,-0.37591943035437814,0.04,-0.035555555555555556,0.5285714285714285,0.5630220759632524
synthpop,dm,7,15,3.7657506465911865,0.2847829860704092,0.8810448680132535,0.01877440855956564,5.0833424499626405,-0.45264772575696943,-0.3558477528205124,-0.4054495395129703,0.02666666666666667,-0.022222222222222223,0.5142857142857142,0.5699603174603174
synthpop,dm,7,16,3.445722818374634,0.21238924965660516,0.5728706622750693,0.020679661049568136,5.045745309710812,-0.06399226357209542,-0.3186789374704323,-0.25446821622277316,0.04888888888888889,-0.03111111111111111,0.48571428571428565,0.5551648351648353
synthpop,dm,7,17,3.4397761821746826,0.2673468744705743,0.8581054870681899,0.017776459512132435,5.09108523868542,0.004201680672268893,-0.05561959691567833,0.013516810386084238,0.04,-0.013333333333333336,0.42857142857142855,0.5161616161616162
synthpop,dm,7,18,3.3416173458099365,0.2240046094502468,0.8612625881620526,0.01952555208130988,5.350011695440959,-0.24249699879951991,-0.308465380690256,-0.29245894044725573,0.044444444444444446,-0.013333333333333329,0.34285714285714286,0.5376695526695526
synthpop,dm,7,19,3.6343281269073486,0.2524246727060846,0.6711484968001665,0.018584518014130635,5.284107969127984,-0.2828464719221021,-0.4070253421800686,-0.31446144445935353,0.04888888888888889,-0.03111111111111111,0.5142857142857142,0.5684188034188035
synthpop,dm,8,10,3.9227371215820312,0.31111621318074123,0.974034003484505,0.019385114560927674,5.263559849347963,-0.41496598639455784,-0.4175532817026668,-0.35598067153029483,0.035555555555555556,-0.05333333333333334,0.5,0.49687782805429864
synthpop,dm,8,11,3.8913822174072266,0.2571750029206875,0.7252308297718085,0.018769754627590455,5.334790794175414,-0.20631585967720423,-0.3657110566621071,-0.3426684719450963,0.008888888888888889,-0.057777777777777775,0.37142857142857144,0.46503357753357744
synthpop,dm,8,12,3.465578079223633,0.2928879242917305,0.5713862369976173,0.018780667211545893,5.331546910583492,-0.47175536881419233,-0.40638976809532373,-0.4455699325694688,0.02666666666666667,-0.03555555555555555,0.34285714285714286,0.40447118241235885
synthpop,dm,8,13,3.395659923553467,0.25570445651733476,0.7200791168044403,0.02665675906095589,5.156106669391599,0.004201680672268893,-0.10948970091377841,0.0002730524940841583,0.03111111111111111,-0.03111111111111111,0.4428571428571429,0.5193473193473194
synthpop,dm,8,14,3.5784196853637695,0.28431210871982465,0.6071157510447484,0.018370143870454058,5.293465355907457,-0.39692543684140313,-0.34663754219367615,-0.365314316582234,0.035555555555555556,-0.02222222222222222,0.42857142857142855,0.5665811965811965
synthpop,dm,8,15,3.357506275177002,0.2797094987981501,0.7888469737512446,0.017058992618463678,5.182871737853708,-0.49396425236761365,-0.38522485166383935,-0.3307026963830272,0.03111111111111111,-0.022222222222222227,0.4,0.5014985014985015
synthpop,dm,8,16,3.3945846557617188,0.2696836214357471,0.8688819754025219,0.018087587953612504,5.215397256009161,-0.3387354941976791,-0.25894422552570506,-0.35614117165616965,0.017777777777777778,-0.06222222222222222,0.4,0.5955555555555556
synthpop,dm,8,17,3.45463490486145,0.2789574125939254,0.6345649091146273,0.03540813112711851,5.3924393471741165,-0.4023942910497532,-0.3555225335107671,-0.3692104031373318,0.057777777777777775,-0.013333333333333336,0.42857142857142866,0.518034188034188
synthpop,dm,8,18,3.3171982765197754,0.28309519596823923,0.7779850286305311,0.018376651141988422,5.237196845368076,-0.3038215286114445,-0.42097590473090496,-0.38780628876254114,0.035555555555555556,-0.013333333333333336,0.34285714285714286,0.43863636363636366
synthpop,dm,8,19,3.4500982761383057,0.22276817549673694,0.7378060572337937,0.02060765809011381,5.208820938348572,0.0021008403361344463,-0.09624500483714943,-0.10379357472404896,0.04,-0.026666666666666665,0.3285714285714286,0.48292929292929293
synthpop,dm,9,10,3.4139602184295654,0.2634550018950247,0.5373785647517185,0.028247863953351028,5.27304641088607,-0.35147392290249435,-0.4214448241062072,-0.4168472400950749,0.013333333333333334,-0.06222222222222222,0.3857142857142857,0.4766666666666667
synthpop,dm,9,11,3.5371339321136475,0.29554976945935785,0.6744805096157309,0.01931671105032452,5.221562968941417,-0.6127784447112178,-0.4180600419530002,-0.4166332181216097,0.03111111111111111,-0.035555555555555556,0.3857142857142858,0.4078787878787879
synthpop,dm,9,12,3.559168815612793,0.28361574156434,0.8443820482452695,0.018121032320136503,5.225097417815979,-0.30245431505935727,-0.40814302206959235,-0.3840191604244659,0.022222222222222223,-0.039999999999999994,0.39999999999999997,0.5075213675213675
synthpop,dm,9,13,3.5864763259887695,0.24681026734094766,0.6912201627648236,0.031383833514572294,5.075803716939488,-0.38995598239295715,-0.4656128229133891,-0.4145671336044421,0.02666666666666667,-0.03555555555555555,0.4,0.47480519480519484
synthpop,dm,9,14,3.4312663078308105,0.3116503742528795,0.7971359724966194,0.02052920814895599,5.177828651319594,-0.358109910630919,-0.4101739888353014,-0.3489242942701824,0.035555555555555556,-0.05777777777777778,0.48571428571428565,0.4890196078431372
synthpop,dm,9,15,3.3761391639709473,0.28776157192337387,0.8606438408856109,0.027967778199338066,5.218447987382189,-0.14432439642523676,-0.3023666266809336,-0.2906475417942279,0.03111111111111111,-0.035555555555555556,0.44285714285714295,0.5075307045895281
synthpop,dm,9,16,3.6436450481414795,0.2710767859732235,0.8608545395879931,0.019115474229984764,5.179183338562337,-0.3480392156862745,-0.4042271638918151,-0.3741038930409099,0.04,-0.035555555555555556,0.42857142857142855,0.4006379585326954
synthpop,dm,9,17,3.5068366527557373,0.2821745859677028,0.46280633394654747,0.018745333984912297,5.201523902379144,-0.12014805922368943,-0.3126099696095981,-0.2624022508102687,0.03111111111111111,-0.04,0.48571428571428577,0.520610967979389
synthpop,dm,9,18,3.418651580810547,0.11026507883922683,0.5088745563801441,0.020952819058478424,5.236400918902346,-0.5141056422569027,-0.40143802630512826,-0.4010798974081215,0.017777777777777778,-0.03555555555555556,0.48571428571428577,0.5190054390054389
synthpop,dm,9,19,3.325716733932495,0.2704720480916901,0.7505114466177483,0.017391883745604242,5.285883037500666,-0.449279711884754,-0.38698759193612187,-0.3686751520929462,0.04,-0.03111111111111111,0.42857142857142855,0.4656679577732209
synthpop,dm,10,10,3.4731509685516357,0.2879886612543767,0.8476455422349849,0.02842840132108724,5.148166681705355,0.003501400560224077,-0.14290489922345204,-0.07074587700446698,0.03111111111111111,-0.03111111111111111,0.47142857142857136,0.5121678321678321
synthpop,dm,10,11,3.3937058448791504,0.15580328997690557,0.38523190244844635,0.018113894637111716,5.089921626856117,-0.23732826463918888,-0.42428536724828414,-0.3499396704130632,0.03111111111111111,-0.026666666666666665,0.5285714285714286,0.48321678321678324
synthpop,dm,10,12,3.2716658115386963,0.24991980354206045,0.5535789036096527,0.0253088898663381,5.333959063974892,-0.25370148059223685,-0.3247928334717728,-0.3516155992895259,0.03111111111111111,-0.022222222222222227,0.4714285714285714,0.5421245421245421
synthpop,dm,10,13,3.7050483226776123,0.18501078498575219,0.6822100409219749,0.016154242612222355,5.333768169561235,-0.45691609977324266,-0.452756449404416,-0.37549510208648407,0.03111111111111111,-0.03111111111111111,0.48571428571428565,0.5952380952380952
synthpop,dm,10,14,3.8275609016418457,0.254057751451677,0.4140658349177327,0.028723532975016623,5.207546168584045,0.003501400560224077,-0.13120704436465347,-0.06835094768043523,0.035555555555555556,-0.026666666666666665,0.2714285714285714,0.48321428571428565
synthpop,dm,10,15,3.2384750843048096,0.26561517549023855,0.48653149212613334,0.019095739829472283,5.369161490825645,-0.4543817527010805,-0.39474014454152684,-0.4306275244615873,0.022222222222222223,-0.039999999999999994,0.42857142857142855,0.4971561771561772
synthpop,dm,10,16,3.3640122413635254,0.2869024284179746,0.5878999703688276,0.03046349846213323,5.272664733012576,-0.15712951847405632,-0.2801135140896919,-0.3087009547210194,0.03111111111111111,-0.044444444444444446,0.45714285714285713,0.6013852813852814
synthpop,dm,10,17,3.3085200786590576,0.2423573859162259,0.8857215144286097,0.019758371040221788,5.2020739570628125,-0.42146858743497395,-0.3741965224775701,-0.3742859807443548,0.022222222222222223,-0.04444444444444444,0.3714285714285714,0.43697478991596644
synthpop,dm,10,18,3.445141077041626,0.30772681527041756,0.6419722266969352,0.020051194241133205,5.301973326215007,-0.45711617980525554,-0.3896591437176202,-0.32193762441108653,0.035555555555555556,-0.026666666666666665,0.4714285714285714,0.5341025641025641
synthpop,dm,10,19,3.5347115993499756,0.3145297909783937,0.7275041558275627,0.027201229056357655,5.2343334677301465,-0.31109110310790977,-0.3594395035164275,-0.3097640313490058,0.02666666666666667,-0.048888888888888885,0.41428571428571426,0.5060606060606061
